"id","type","typelong","ref"
"a01","A","PRESS: REPORTAGE","Sample A01 from The Atlanta Constitution"
"a02","A","PRESS: REPORTAGE","Sample A02 from The Dallas Morning News, February 17,1961,section 1"
"a03","A","PRESS: REPORTAGE","Sample A03 from Chicago Daily Tribune"
"a04","A","PRESS: REPORTAGE","Sample A04 from The Christian Science Monitor, May 11,1961, p.1"
"a05","A","PRESS: REPORTAGE","Sample A05 from The Providence Journal"
"a06","A","PRESS: REPORTAGE","Sample A06 from Newark Evening News, March 22, 1961, p.25"
"a07","A","PRESS: REPORTAGE","Sample A07 from The New York Times, June 19, 1961, p.1"
"a08","A","PRESS: REPORTAGE","Sample A08 from The Times-Picayune, [New Orleans], January 1, 1961, sec. 2, p.3"
"a09","A","PRESS: REPORTAGE","Sample A09 from The Philadelphia Inquirer, May 10, 1961, p.49"
"a10","A","PRESS: REPORTAGE","Sample A10 from The Oregonian, [Portland]"
"a11","A","PRESS: REPORTAGE","Sample A11 from The Sun, [Baltimore], March 18, 1961"
"a12","A","PRESS: REPORTAGE","Sample A12 from The Dallas Morning News, October 10, 1961, sec. 2"
"a13","A","PRESS: REPORTAGE","Sample A13 from Rocky Mountains News, [Denver, Colorado], May 2, 1961"
"a14","A","PRESS: REPORTAGE","Sample A14 from The New York Times, January 24, 1961, p. 23"
"a15","A","PRESS: REPORTAGE","Sample A15 from St. Louis Post-Dispatch, May 2, 1961, p.4C"
"a16","A","PRESS: REPORTAGE","Sample A16 from Chicago Daily Tribune"
"a17","A","PRESS: REPORTAGE","Sample A17 from Rocky Mountain News, [Denver, Colorado]"
"a18","A","PRESS: REPORTAGE","Sample A18 from The Philadelphia Inquirer, March 26, 1961, p.16"
"a19","A","PRESS: REPORTAGE","Sample A19 from The Sun, [Baltimore]"
"a20","A","PRESS: REPORTAGE","Sample A20 from Chicago Daily Tribune, February 10, 1961"
"a21","A","PRESS: REPORTAGE","Sample A21 from The Detroit News"
"a22","A","PRESS: REPORTAGE","Sample A22 from The Atlanta Constitution"
"a23","A","PRESS: REPORTAGE","Sample A23 from The Oregonian, [Portland], August 26, 1961, p.7"
"a24","A","PRESS: REPORTAGE","Sample A24 from The Providence Journal, November 29, 1961"
"a25","A","PRESS: REPORTAGE","Sample A25 from San Francisco Chronicle, March 27, 1961, p.32"
"a26","A","PRESS: REPORTAGE","Sample A26 from The Dallas Morning News, April 9, 1961, sec. 4, p.1"
"a27","A","PRESS: REPORTAGE","Sample A27 from Los Angeles Times, June 21, 1961, sec. 4, p.6"
"a28","A","PRESS: REPORTAGE","Sample A28 from The Wall Street Journal"
"a29","A","PRESS: REPORTAGE","Sample A29 from The Dallas Morning News, September 10, 1961, sec. 6"
"a30","A","PRESS: REPORTAGE","Sample A30 from Los Angeles Times"
"a31","A","PRESS: REPORTAGE","Sample A31 from The Miami Herald"
"a32","A","PRESS: REPORTAGE","Sample A32 from San Francisco Chronicle"
"a33","A","PRESS: REPORTAGE","Sample A33 from The Washington Post"
"a34","A","PRESS: REPORTAGE","Sample A34 from The New York Times, May 21, 1961, sec. 4, p.1"
"a35","A","PRESS: REPORTAGE","Sample A35 from James J. Maguire, ''A Family Affair'' Commonweal (November 10, 1961) 171-173 0010-1890"
"a36","A","PRESS: REPORTAGE","Sample A36 from William Gomberg, ''Unions and the Anti-Trust Laws'' The Nation, 193: 16 (November 11, 1961), 375-377. 0010-1880"
"a37","A","PRESS: REPORTAGE","Sample A37 from ''National Affairs'' Time magazine, 77: 3 (January 13, 1961), 13-16. 0010-1930"
"a38","A","PRESS: REPORTAGE","Sample A38 from Alfred Wright, ''A Duel Golfers Will Never Forget'' Sports Illustrated (April 17, 1961), 18-21, 64. 0010-1670"
"a39","A","PRESS: REPORTAGE","Sample A39 from ''Sports'' Newsweek, 58: 7 (August 14, 1961), 42-45 0010-1790"
"a40","A","PRESS: REPORTAGE","Sample A40 from Time, 77: 3 (January 13, 1961)"
"a41","A","PRESS: REPORTAGE","Sample A41 from Robert Wallace, ''This Is the Way It Came About'' Life, 51: 24 (December 15, 1961), 32-34 0010-1890"
"a42","A","PRESS: REPORTAGE","Sample A42 from ''National Affairs'' Newsweek, 58: 7 (August 14, 1961), 12-15 0010-1900"
"a43","A","PRESS: REPORTAGE","Sample A43 from U.S. News and World Report, May 22, 1961"
"a44","A","PRESS: REPORTAGE","Sample A44 from Saturday Review, 44: 15 (April 15, 1961)"
"b01","B","PRESS: EDITORIAL","Sample B01 from The Atlanta Constitution, March 6, 1961, p.4"
"b02","B","PRESS: EDITORIAL","Sample B02 from The Christian Science Monitor"
"b03","B","PRESS: EDITORIAL","Sample B03 from The Detroit News, November 17, 1961, p.8B"
"b04","B","PRESS: EDITORIAL","Sample B04 from The Miami Herald, September 19, 1961, p. 6A"
"b05","B","PRESS: EDITORIAL","Sample B05 from Newark Evening News"
"b06","B","PRESS: EDITORIAL","Sample B06 from St. Louis Post-Dispatch, October 27, 1961, p.20"
"b07","B","PRESS: EDITORIAL","Sample B07 from The New York Times, October 17, 1961, p.38"
"b08","B","PRESS: EDITORIAL","Sample B08 from The Atlanta Constitution"
"b09","B","PRESS: EDITORIAL","Sample B09 from The Christian Science Monitor"
"b10","B","PRESS: EDITORIAL","Sample B10 from The Sun, [Baltimore]"
"b11","B","PRESS: EDITORIAL","Sample B11 from Los Angeles Times"
"b12","B","PRESS: EDITORIAL","Sample B12 from Newark Evening News"
"b13","B","PRESS: EDITORIAL","Sample B13 from The Times-Picayune, [New Orleans]"
"b14","B","PRESS: EDITORIAL","Sample B14 from The Atlanta Constitution"
"b15","B","PRESS: EDITORIAL","Sample B15 from The Providence Journal"
"b16","B","PRESS: EDITORIAL","Sample B16 from Chicago Daily Tribune"
"b17","B","PRESS: EDITORIAL","Sample B17 from Newark Evening News"
"b18","B","PRESS: EDITORIAL","Sample B18 from The New York Times, October 17, 1961, p.38"
"b19","B","PRESS: EDITORIAL","Sample B19 from The Philadelphia Inquirer, November 5, 1961, p. B 8"
"b20","B","PRESS: EDITORIAL","Sample B20 from ''Editorials'' The Nation, 193: 16 (November 11, 1961), 365-367 0010-1820"
"b21","B","PRESS: EDITORIAL","Sample B21 from The New Republic, 145: 19 (November 6, 1961)"
"b22","B","PRESS: EDITORIAL","Sample B22 from ''Week by Week'' Commonweal (November 10, 1961), 163-165 0010-1930"
"b23","B","PRESS: EDITORIAL","Sample B23 from National Review, xi: 26 (December 30, 1961)"
"b24","B","PRESS: EDITORIAL","Sample B24 from ''Reviews'' Time magazine, 77: 3 (January 13, 1961), 54, 57, 60 0010-1900"
"b25","B","PRESS: EDITORIAL","Sample B25 from The Nation, 193: 16 (November 11, 1961), 370-373"
"b26","B","PRESS: EDITORIAL","Sample B26 from National Review"
"b27","B","PRESS: EDITORIAL","Sample B27 from Saturday Review"
"c01","C","PRESS: REVIEWS","Sample C01 from Chicago Daily Tribune"
"c02","C","PRESS: REVIEWS","Sample C02 from The Christian Science Monitor, November 28, 1961"
"c03","C","PRESS: REVIEWS","Sample C03 from The New York Times"
"c04","C","PRESS: REVIEWS","Sample C04 from The Providence Journal"
"c05","C","PRESS: REVIEWS","Sample C05 from The Christian Science Monitor, April 20, 1961"
"c06","C","PRESS: REVIEWS","Sample C06 from The Wall Street Journal, May 22, 1961, p.12"
"c07","C","PRESS: REVIEWS","Sample C07 from The New York Times"
"c08","C","PRESS: REVIEWS","Sample C08 from The Providence Journal"
"c09","C","PRESS: REVIEWS","Sample C09 from The New York Times"
"c10","C","PRESS: REVIEWS","Sample C10 from The Providence Journal"
"c11","C","PRESS: REVIEWS","Sample C11 from The New York Times"
"c12","C","PRESS: REVIEWS","Sample C12 from The Christian Science Monitor, October 17, 1961, p.4"
"c13","C","PRESS: REVIEWS","Sample C13 from The Wall Street Journal, March 8, 1961, p. 16"
"c14","C","PRESS: REVIEWS","Sample C14 from The New York Times"
"c15","C","PRESS: REVIEWS","Sample C15 from Life"
"c16","C","PRESS: REVIEWS","Sample C16 from Saturday Review, 44:15 (April 15, 1961)"
"c17","C","PRESS: REVIEWS","Sample C17 from Time magazine, 77:3 (January 13, 1961), 48-50 ''Reviews'' 0010-1920"
"d01","D","RELIGION","Sample D01 from William G. Pollard, Physicist and Christian. Greenwich, Connecticut: The Seabury Press, 1961, Pp. 54-59"
"d02","D","RELIGION","Sample D02 from Schubert Ogden, Christ Without Myth. New York: Harper and Brothers, 1961. Pp. 128-134"
"d03","D","RELIGION","Sample D03 from Edward E. Kelly, S.J., ''Christian Unity in England'' America, 105: 10 (June 3, 1961), 398-400 Reprinted with permission from AMERICA, the National Catholic Weekly Review, 920 Broadway, New York 10, N.Y. 0010-1940"
"d04","D","RELIGION","Sample D04 from Jaroslav Pelikan, The Shape of Death: life, death and immortality in the early fathers. New York and Nashville, Tenneee: Abingdon Press, 1961. Pp. 102-1090010-1700"
"d05","D","RELIGION","Sample D05 from Perry Miller ''Theodore Parker: Apostasy within Liberalism'' The Harvard Theological Review, LIV: 4 (October, 1961), 280-285"
"d06","D","RELIGION","Sample D06 from Tracts published by American Tract Society, 513 West 166th St., New York 32, N.Y.1961. Not copyright."
"d07","D","RELIGION","Sample D07 from Peter Eldersveld, ''Faith Amid Fear'' Radio message broadcast on ''The Back-to-God Hour,'' The Denominational Broadcast of The Christian Reformed Church. Chicago 1961 Pp. 2-8. Used by permission 0010-1660"
"d08","D","RELIGION","Sample D08 from Schuyler Cammann, ''The Magic Square of Three in Old Chinese Phliosophy and Religion,'' History of Religions, 1:1 (Summer, 1961), 46-51"
"d09","D","RELIGION","Sample D09 from Eugene E. Golay, Organizing the Local Church for Effective Lay Visitation Evangelism Nashville, Tennessee: Tidings, 1961, Pp. 54-61"
"d10","D","RELIGION","Sample D10 from Huston Smith, ''Interfaith Communication: The Contemporary Scene,'' Journal of Bible and Religion, XXIX: 4 (October, 1961), 308-311 Used by permission. 0010-1880"
"d11","D","RELIGION","Sample D11 from Paul Ramsey, War and the Christian Conscience. Durham, North Carolina: Duke University Press for the Lily Endowment Research Program in Christianity and Politics, 1961. Pp. 200-206"
"d12","D","RELIGION","Sample D12 from Kenneth Underwood and Elden Jacobsen, ''Probing the Ethics of Realtors,'' Christianity and Crisis, XXI: 9 (May 9, 1961), 96-98 Used by permission. 0010-1970"
"d13","D","RELIGION","Sample D13 from Science of Mind, 34:11 (November, 1961)"
"d14","D","RELIGION","Sample D14 from Kenneth Scott Latourette, Christianity in a Revolutionary Age Volume 3: The Nineteenth Century Outside Europe. New York: Harper and Brothers, 1961. Pp. 200-205"
"d15","D","RELIGION","Sample D15 from Ernest Becker, Zen: A Rational Critique. New York: W.W. Norton and Company, Inc.,1961 Pp. 104-111"
"d16","D","RELIGION","Sample D16 from Herald Press Tracts, Scottdale, Pa. No"
"d17","D","RELIGION","Sample D17 from Guideposts"
"e01","E","SKILL AND HOBBIES","Sample E01 from Mr. America, 4:6 (November, 1961) Used by permission."
"e02","E","SKILL AND HOBBIES","Sample E02 from Organic Gardening and Farming, January, 1961 Used by permission."
"e03","E","SKILL AND HOBBIES","Sample E03 from Lt. Col. D.F. Martin, ''Will Aircraft or Missiles Win Wars?'' Flying, 68:2 (February, 1961), 32-33,80-83 Used by permission. 0010-1860"
"e04","E","SKILL AND HOBBIES","Sample E04 from High Fidelity, 11:10 (October,1961) Used by permission."
"e05","E","SKILL AND HOBBIES","Sample E05 from Dog World, 46:4 (April, 1961) Used by permission."
"e06","E","SKILL AND HOBBIES","Sample E06 from Joseph E. Choate, ''The American Boating Scene'' Rudder, 77:1 (January, 1961), 31-32,35,82,84 Used by permission."
"e07","E","SKILL AND HOBBIES","Sample E07 from Paul Larson and Gordon Odegard, ''How to design your Interlocking Frame,'' Model Railroader, 28:2 (February, 1961), 57-65 Used by permission. 0010-1750"
"e08","E","SKILL AND HOBBIES","Sample E08 from Don Francisco, ''Formulas and Math Every Hot Rodder Should Know'' Hot Rod Magazine, 14:1 (January, 1961), 26-28 Used by permission. 0010-1800"
"e09","E","SKILL AND HOBBIES","Sample E09 from The Horseman and Fair World, 84:46 (February 8, 1961) Used by permission."
"e10","E","SKILL AND HOBBIES","Sample E10 from Larry Koller, ''The New Guns of '61'' Guns and Hunting, 4:4 (December, 1961), 9-11,71-74 Used by permission. 0010-1860"
"e11","E","SKILL AND HOBBIES","Sample E11 from Idwal Jones, ''Santa Cruz Run'' Gourmet, xxi:1 (January, 1961), 12-13,22-24 Used by permission 0010-1720"
"e12","E","SKILL AND HOBBIES","Sample E12 from Julia Newman, ''Travel and Camera USA'' U.S.Camera, 24:4 (April, 1961), 40-48 Used by permission0010-1930"
"e13","E","SKILL AND HOBBIES","Sample E13 from Robert Deardorff, ''Step by Step Through Istanbul'' Travel, 116:6 ( December, 1961), 51-53 Used by permission0010-1720"
"e14","E","SKILL AND HOBBIES","Sample E14 from Ann Carnahan, Nick Manero's Cook-out Barbeque Book New York: Fawcett Publications, Inc., 1961. Pp. 13-21"
"e15","E","SKILL AND HOBBIES","Sample E15 from McCall's Needlework and Crafts, Spring-Summer, 1961 Used by permission"
"e16","E","SKILL AND HOBBIES","Sample E16 from Hal Kelly, ''Build Hotei'' Mechanix Illustrated, 57:7 (July, 1961), 102-108, 138-139 Used by permission. 0010-1650"
"e17","E","SKILL AND HOBBIES","Sample E17 from The Family Handyman, 11:5 (October, 1961) Used by permission"
"e18","E","SKILL AND HOBBIES","Sample E18 from Covered Bridge Topics, XIX:2 (July, 1961) Used by permission"
"e19","E","SKILL AND HOBBIES","Sample E19 from Booth Hemingway and Stuart H. Brown, ''How to Own a Pool and Like It'' House and Garden, 119:6 (June, 1961), 136-145 Used by permission0010-1690"
"e20","E","SKILL AND HOBBIES","Sample E20 from [Anonymous,] ''What You Should Know About Air Conditioning for New Homes,'' How-to-Do-It-Encyclopedia. New York: Golden Press, 1961, Volume 1, pp.9-14 Used by permission0010-1750"
"e21","E","SKILL AND HOBBIES","Sample E21 from Richard I. McCosh, ''Recreation Site Selection'' Recreation, LIV:10 (December, 1961), 529-531 Used by permission0010-1720"
"e22","E","SKILL AND HOBBIES","Sample E22 from Musical America, LXXXI:5 (May, 1961) Used by permission"
"e23","E","SKILL AND HOBBIES","Sample E23 from Norman Kent, ''The Watercolor Art of Roy M. Mason'' American Artist, 25:3 (March, 1961), 28-33, 64-65 Used by permission0010-1760"
"e24","E","SKILL AND HOBBIES","Sample E24 from Bonnie Prudden, ''The Dancer and the Gymnast'' Dance Magazine, XXXV:4 (April, 1961), 20, 52-54 Used by permission"
"e25","E","SKILL AND HOBBIES","Sample E25 from Walter H. Buchsbaum, ''Advances in Medical Electronics'' Eectronics World, 66:5 (November, 1961), 33-36 Used by permission0010-1910"
"e26","E","SKILL AND HOBBIES","Sample E26 from Bern Dibner, ''Oerstad and the Discovery of Electromagnetism'' Electrical Engineering, 80:6 (June, 1961), 426-428 Used by permission0010-1850"
"e27","E","SKILL AND HOBBIES","Sample E27 from Successful Farming, 59:12 (December, 1961) Used by permission"
"e28","E","SKILL AND HOBBIES","Sample E28 from John R. Sargent, ''Where To Aim Your Planning for Bigger Profits in '60s,'' Food Engineering, 33:2 (February, 1961) 34-37 Used by permission0010-1970"
"e29","E","SKILL AND HOBBIES","Sample E29 from Edward Austin Walton, ''On Education for the Interior Designer'' Interior Design, 32:7 (July, 1961), 61-62, 100 Used by permission0010-1880"
"e30","E","SKILL AND HOBBIES","Sample E30 from [Anonymous,] ''The Attack on Employee Services'' Factory, 119:11 (November, 1961), 98-101 Used by permission0010-1930"
"e31","E","SKILL AND HOBBIES","Sample E31 from Sports Age, 24:9 (September, 1961) Used by permission"
"e32","E","SKILL AND HOBBIES","Sample E32 from E.J.Tangerman, ''Which Way Up...Technical or Management?'' Product Engineering, 32:33 (August 14, 1961), 31-34 Used by permission0010-2030"
"e33","E","SKILL AND HOBBIES","Sample E33 from Fueloil and Oil Heat, 20:7 (July, 1961) Used by permission"
"e34","E","SKILL AND HOBBIES","Sample E34 from [Anonymous,] ''The New Look in Signs,'' Modern Plastics, 38:8 (April, 1961), 90-92, 164-166,171 Used by permission0010-1920"
"e35","E","SKILL AND HOBBIES","Sample E35 from [Anonymous,] ''The Industrial revolution in Housing'' House and Home, XX:4 (October, 1961), 120-127 Used by permission0010-1780"
"e36","E","SKILL AND HOBBIES","Sample E36 from Ethel Norling, ''Renting a Car in Europe,'' Playbill, 5:11 (March 13, 1961), 5-11 Used by permission0010-1710"
"f01","F","POPULAR LORE","Sample F01 from Rosemary Balckmon, ''How Much Do You Tell When You Talk?'' Vogue, 138:1 (July, 1961), 40-41,100"
"f02","F","POPULAR LORE","Sample F02 from Glenn Infield, ''America's Secret Poison Gas Tragedy'' True, 42:290 (July, 1961), 27-28,98-99"
"f03","F","POPULAR LORE","Sample F03 from Nathan Rapport, ''''I've Been Here before!'' Fate, 14:4 (April, 1961), 65-70"
"f04","F","POPULAR LORE","Sample F04 from Ruth F. Rosevear, ''North Country School Cares for the Whole Child,'' Prevention, 13:9 (September, 1961), 82-83,85,88"
"f05","F","POPULAR LORE","Sample F05 from Richard Sanders Allen, ''When Fogg Flew the Mail'' Vermont Life, XVI: 1 (Autumn, 1961), 18-22"
"f06","F","POPULAR LORE","Sample F06 from Modern Maturity, 4:6 (December, 1961-January, 1962)"
"f07","F","POPULAR LORE","Sample F07 from Sexology, 28:1 (August, 1961)"
"f08","F","POPULAR LORE","Sample F08 from Philip Reaves, ''Who Rules the Marriage Bed?'' Pageant, 17:5 (November, 1961), 46-51"
"f09","F","POPULAR LORE","Sample F09 from Confidential, 9:1 (January, 1961)"
"f10","F","POPULAR LORE","Sample F10 from Jack Kaplan, ''The Health Machine Menace: Therapy by Witchcraft'' Today's Health, 39:2 (February, 1961), 28-31,81-82"
"f11","F","POPULAR LORE","Sample F11 from Lilian Pompian, ''Tooth-Straightening Today'' Everywoman's Family Circle, 58:3 (March, 1961), 8,107 from Family Circle Magazine, March, 1961, by permission of the author and publisher."
"f12","F","POPULAR LORE","Sample F12 from Marian Nester, ''New Methods of Parapsychology'' Tomorrow, 9:4 (Autumn, 1961), 45-500010-1760"
"f13","F","POPULAR LORE","Sample F13 from Orlin J. Scoville, Part-Time Farming Farmers Buletin No. 2178. United States Department of Agriculture, December, 1961, Pp.2-3,5-7 0010-1780"
"f14","F","POPULAR LORE","Sample F14 from Harold Rosenberg, ''The Trial and Eichmann'' Commentary, 32:5 (November, 1961), 371-374 0010-1860"
"f15","F","POPULAR LORE","Sample F15 from The Rev. John A. O'Brien, ''Let's Take Birth Control Out of Politics,'' Look Magazine, 25:21 (October 10, 1961), 67-70"
"f16","F","POPULAR LORE","Sample F16 from James Boylan, ''Mutinity'' Real, 14:2 (December, 1961), 17-18,59-60"
"f17","F","POPULAR LORE","Sample F17 from John Harnsberger and Robert P. Wilkins, ''Transportation on the Northern Plains,'' The North Dakota Quarterly, 28:1 (Winter, 1961), 20-23"
"f18","F","POPULAR LORE","Sample F18 from Bell I. Wiley, ''Home Letters of Johnny Reb and Billy Yank,'' The Centennial Review, V (1961), 56-61"
"f19","F","POPULAR LORE","Sample F19 from Tristram P. Coffin, ''Folklore in the American Twentieth Century,'' American Quarterly, 13:4 (Winter, 1961), 526-530"
"f20","F","POPULAR LORE","Sample F20 from Kenneth Allsop, The Bootleggers and Their Era Garden City, New York: Doubleday and Co., Inc., 1961. Pp.68-72"
"f21","F","POPULAR LORE","Sample F21 from L. Don Leet and Florence J. Leet, editors, The World of Geology. New York: McGraw-Hill Book Company, Inc., 1961."
"f22","F","POPULAR LORE","Sample F22 from Booton Herndon, ''From Custer to Korea, The 7th Cavalry'' Saga, 22:6 (September, 1961), 58-60"
"f23","F","POPULAR LORE","Sample F23 from Barry Goldwater, ''A Foreign Policy for America'' National Review, X:11 (March 25, 1961), 177-179"
"f24","F","POPULAR LORE","Sample F24 from Peter J. White, ''Report on Laos'' National Geographic, 120:2 (August, 1961), 241-247"
"f25","F","POPULAR LORE","Sample F25 from David Boroff, ''Jewish Teen-Age Culture'' The Annals of the American Academy of Political and Social Science 338 (November, 1961) 82-85"
"f26","F","POPULAR LORE","Sample F26 from Amy Lathrop, ''Pioneer Remedies from Western Kansas'' Western Folklore, 20:3 (July, 1961), 6-10"
"f27","F","POPULAR LORE","Sample F27 from Creighton Churchill, A Notebook for the Wines of France New York: Alfred A. Knopf, 1961. Pp. 124-129"
"f28","F","POPULAR LORE","Sample F28 from Frank Otto Gatell, ''Doctor Palfrey Frees His Slaves'' New England Quarterly, 34:1 (March, 1961), 78-84"
"f29","F","POPULAR LORE","Sample F29 from Douglass Cater, ''The Kennedy Look in the Arts'' Horizon: A Magazine of the Arts, IV:1 (September, 1961), 10-14"
"f30","F","POPULAR LORE","Sample F30 from Fredric A. Birmingham, The Ivy league Today New York: Thomas Y. Crowell Co., 1961. Pp.142-149"
"f31","F","POPULAR LORE","Sample F31 from Edward D. Radin, Lizzie Borden: The Untold Story New York: Simon and Schuster, 1961. Pp. 208-214"
"f32","F","POPULAR LORE","Sample F32 from Florence Matilda Read, The Story of Spelman College Princeton: Princeton University Press, 1961. Pp. 166-171"
"f33","F","POPULAR LORE","Sample F33 from James Bryant Conant, Slums and Suburbs New York: McGraw-Hill Book Company, Inc., 1961. Pp.42-47"
"f34","F","POPULAR LORE","Sample F34 from Frederic R. Senti and W. Dayton Maclay, ''Age-Old of Seeds and some New Ones,'' Seeds (The Yearbook of Agriculture) U.S. Department of Agriculture, Washington, D.C., 1961 Pp. 28-31 0010-1820"
"f35","F","POPULAR LORE","Sample F35 from Ramon F. Adams, The Old-Time Cowhand New York: The Macmillian Company, 1961. Pp. 160-165"
"f36","F","POPULAR LORE","Sample F36 from Robert Easton and Mackenzie Brown, Lord of Beasts Tucson: University of Arizona Press, 1961. Pp. 188-194"
"f37","F","POPULAR LORE","Sample F37 from Samuel McCrea Cavert, On the Road to Christian Unity New York: Harper and Brothers, 1961. Pp. 136-141"
"f38","F","POPULAR LORE","Sample F38 from Robert Smith, Baseball in America New York: Holt, Rhinehart and Winston, Inc., Pp.199-200,202-204"
"f39","F","POPULAR LORE","Sample F39 from Clark E. Vincent, Unmarried Mothers New York: The Free Press of Glencoe, Inc., 1961. Pp. 254-261"
"f40","F","POPULAR LORE","Sample F40 from William Greenleaf, Monopoly on Wheels Detroit: Wayne State University Press, 1961. Pp. 240-245"
"f41","F","POPULAR LORE","Sample F41 from George W. Oakes, Turn Right at the Fountain New York: Holt, Rinehart and Winston, Inc., 1961. Pp. 152-159"
"f42","F","POPULAR LORE","Sample F42 from James Baldwin, Nobody Knows My Name New York: Dial Press, 1961. Pp. 66-74"
"f43","F","POPULAR LORE","Sample F43 from Frank Getlein and Harold C. Gardiner, S.J., Movies, Morals, and Art. New York: Sheed and Ward, Inc., 1961. Pp. 48-54"
"f44","F","POPULAR LORE","Sample F44 from Gibson Winter, The Suburban Captivity of the Churches New York: Doubleday and Company, Inc., 1961. Pp. 70-75"
"f45","F","POPULAR LORE","Sample F45 from Paul Chrisler Phillips, The Fur Trade Norman: The University of Oklahoma Press, 1961. Volume 1, pp. 466-472"
"f46","F","POPULAR LORE","Sample F46 from Russell Baker, An American in Washington New York: Alfred A. Knopf, 1961. Pp. 118-127"
"f47","F","POPULAR LORE","Sample F47 from Clara L. Simerville, Home Visits Abroad. Corvallis: Oregon State University Press, 1961. Pp. 62-66"
"f48","F","POPULAR LORE","Sample F48 from Paul Ramsey, Christian Ethics and Sit-In New York: Association Press, 1961. Pp. 108-115"
"g01","G","BELLES-LETTRES","Sample G01 from Edward P. Lawton, ''Northern Liberals and Southern Bourbons'' The Georgia Review, 15 (1961), 254-259."
"g02","G","BELLES-LETTRES","Sample G02 from Arthur S. Miller, ''Toward a Concept of National Responsibility'' The Yale Review, LI:2 (December, 1961), 186-191"
"g03","G","BELLES-LETTRES","Sample G03 from Peter Wyden, ''The Chances of Accidental War'' The Saturday Evening Post, June 3, 1961, 18-19, 60-61"
"g04","G","BELLES-LETTRES","Sample G04 from Eugene Burdick, ''The Invisible Aborigine'' Harper's Magazine, 223:1336 (September, 1961), 70-72"
"g05","G","BELLES-LETTRES","Sample G05 from Terence O'Donnell, ''Evenings at the Bridge'' Horizon, III:5 (May, 1961), 26-30"
"g06","G","BELLES-LETTRES","Sample G06 from The American-German Review, October-November, 1961"
"g07","G","BELLES-LETTRES","Sample G07 from Richard B. Morris, ''Seven Who Set Our Destiny'' The New York Times Magazine, February 19, 1961, 9, 69-70"
"g08","G","BELLES-LETTRES","Sample G08 from Frank Murphy, ''New Southern Fiction: Urban or Agrarian?'' The Carolina Quarterly, 13:2 (Spring, 1961), 18-25"
"g09","G","BELLES-LETTRES","Sample G09 from Selma Jeanne Cohen, ''Avant-Garde Choreography'' Reprinted from Criticism a quarterly for literature and the arts vol. III, no.1 (Winter, 1961), 24-28, by permission of the Wayne State University Press. 0010-1800"
"g10","G","BELLES-LETTRES","Sample G10 from Clarence Streit, ''How the Civil War Kept You Sovereign'' [chapter 8 of Freedom's Frontier - Atlantic Union Now, Published 1961 by Harper and Brothers (cloth); Paperback edition from Freedom and Union Press, Washington] Freedom and Union, 16:2 (February, 1961), 16-18"
"g11","G","BELLES-LETTRES","Sample G11 from Frank Oppenheimer, ''Science and Fear -  A Discussion of Some Fruits of Scientific Understanding, '' The Centennial Review, 5:4 (Fall, 1961), 404-409"
"g12","G","BELLES-LETTRES","Sample G12 from Tom F. Driver, ''Beckett by the Madeleine,'' Columbia University Forum, 4:3 (Summer, 1961), 21-24"
"g13","G","BELLES-LETTRES","Sample G13 from Charles Glicksberg, ''Sex in Contemporary Literature'' The Colorado Quarterly, 9: 3 (Winter, 1961), 278-282"
"g14","G","BELLES-LETTRES","Sample G14 from Helen Hooven Santmyer, ''There Were Fences'' The Antioch Review, 21: 1 (Spring, 1961), 26-31"
"g15","G","BELLES-LETTRES","Sample G15 from Howard Nemerov, ''Themes and Methods: The Early Stories of Thomas Mann,'' The Carleton Miscellany, 2: 1 (Winter, 1961), 6-11"
"g16","G","BELLES-LETTRES","Sample G16 from John F. Hayward, ''Mimesis and Symbol in the Arts'' Chicago Review, 15: 1 (Summer, 1961), 94-99"
"g17","G","BELLES-LETTRES","Sample G17 from Randall Stewart, ''A Little History, a Little Honesty: A Southern Viewpoint,'' The Georgia Review, 15: 1 (Spring, 1961), 10-15"
"g18","G","BELLES-LETTRES","Sample G18 from Charles Wharton Stork, ''Verner von Heidenstam'' American-Scandinavian Review, 49: 1 (March, 1961), 39-43"
"g19","G","BELLES-LETTRES","Sample G19 from R. F. Shaw, ''The 'Private Eye''' Mainstream, 14: 11 (November, 1961), 44-48"
"g20","G","BELLES-LETTRES","Sample G20 from Dan McLachlan, Jr., ''Communication Networks and Monitoring'' Public Opinion Quarterly, xxv: 2 (Summer, 1961), 196-202"
"g21","G","BELLES-LETTRES","Sample G21 from Brainard Cheney, ''Christianity and the Tragic Vision-Utopianism USA,'' The Sewanee Review, LXIX: 4 (Autumn, 1961), 518-524"
"g22","G","BELLES-LETTRES","Sample G22 from Kenneth Reiner, ''Coping with Runaway Technology'' The Ethical Outlook, XLVII: 3 (May-June, 1961), 91-95"
"g23","G","BELLES-LETTRES","Sample G23 from William C. Smith, ''Why Fear Ideas?'' The Personalist, XLII: 2 (Spring, April, 1961), 191-197"
"g24","G","BELLES-LETTRES","Sample G24 from Sanchia Thayer, ''Personality and Moral Leadership: Operations of the Political Mind, ''Massachusetts Review, 2: 2, 320-325"
"g25","G","BELLES-LETTRES","Sample G25 from Stanley Parry, ''The Restoration of Tradition'' Modern Age, 5: 2 (Spring, 1961), 128-131"
"g26","G","BELLES-LETTRES","Sample G26 from Selma Fraiberg, ''Two Modern Incest Heroes'' Partisan Review, 28: 5-6 (1961), 648-652"
"g27","G","BELLES-LETTRES","Sample G27 from Matthew Josephson, ''Jean Hélion: The Return from Abstract Art'' The Minnesota Review, 1: 3 (April, 1961), 346-350"
"g28","G","BELLES-LETTRES","Sample G28 from Arlin Turner, ''William Faulkner, Southern Novelist'' Mississippi Quarterly, 14: 3 (Summer, 1961), 124-128"
"g29","G","BELLES-LETTRES","Sample G29 from [Anonymous,] ''References for the Good Society'' Manas, XIV: 14 (April 5, 1961), 1-2"
"g30","G","BELLES-LETTRES","Sample G30 from Norwood Russell Hanson, ''Copernican and Keplerian Astronomy'' Journal of the History of Ideas, 22: 2 (April - June, 1961), 174-179"
"g31","G","BELLES-LETTRES","Sample G31 from Irving Fineman, Woman of Valor: The Life of Henrietta Szold 1860-1945. New York: Simon and Schuster, 1961. Pp. 50-56."
"g32","G","BELLES-LETTRES","Sample G32 from Finis Farr, Frank Lloyd Wright. New York: Charles Scribner's Sons, 1961. Pp. 182-188."
"g33","G","BELLES-LETTRES","Sample G33 from Virgilia Peterson, A Matter of Life and Death. New York: Atheneum, 1961. Pp. 72-78."
"g34","G","BELLES-LETTRES","Sample G34 from Harry Golden, Carl Sandburg. New York and Cleveland: The World Publishing Company, 1961. Pp. 82-87."
"g35","G","BELLES-LETTRES","Sample G35 from Dwight D. Eisenhower, Peace with Justice. New York: Columbia University Press, 1961. Pp. 210-217."
"g36","G","BELLES-LETTRES","Sample G36 from DeWitt Copp and Marshall Peck, Betrayal at the UN: the story of Paul Bang-Jensen. New York: The Devin-Adair Company, 1961. Pp. 208-215."
"g37","G","BELLES-LETTRES","Sample G37 from Gordon Langley Hall, Golden Boats from Burma. Philadelphia: Macrae-Smith Company, 1961. Pp. 56-64."
"g38","G","BELLES-LETTRES","Sample G38 from Bertrand A. Goldgar, The Curse of Party: Swift's Relations with Addison and Steele. Lincoln: University of Nebraska Press, 1961. Pp. 140-145."
"g39","G","BELLES-LETTRES","Sample G39 from Edward Jablonski, Harold Arlen Happy with the Blues. New York: Doubleday and Company, Inc., 1961. Pp. 132-137."
"g40","G","BELLES-LETTRES","Sample G40 from Gene Fowler, Skyline: A Reporter's Reminiscences of the 1920s. New York: Viking Press, 1961. Pp. 170-175."
"g41","G","BELLES-LETTRES","Sample G41 from Lillian Rogers Parks and Frances S. Leighton, My Thirty Years Backstairs at the White House. New York: Fleet Publishing Corp., 1961. Pp. 188-194."
"g42","G","BELLES-LETTRES","Sample G42 from Harold D. Lasswell, ''Epilogue'' to Arnold A. Rogow, Editor, The Jew in a Gentile World: an Anthology of Writings About Jews, by Non-Jews. New York: The Macmillan Company, 1961. Pp. 374-379."
"g43","G","BELLES-LETTRES","Sample G43 from Robert E. Lane, The Liberties of Wit: Humanism, Criticism, and the Civil Mind. New Haven: Yale University Press, 1961. Pp. 112-118."
"g44","G","BELLES-LETTRES","Sample G44 from Newton Stallknecht, ''Ideas and Literature,'' in Newton Stallknecht and Horst Franz, editors, Comparative Literature: Method and Per- spective. Carbondale: Southern Illinois University Press, 1961. Pp. 116-123."
"g45","G","BELLES-LETTRES","Sample G45 from W. A. Swanberg, Citizen Hearst: A Biography of William Randolph Hearst. New York: Charles Scribner's Sons, 1961. Pp. 212-216."
"g46","G","BELLES-LETTRES","Sample G46 from Henry R. Winkler, ''George Macaulay Trevelyan,'' in S. William Halperin, editor, Some 20th-Century Historians. Chicago: University of Chicago Press, 1961. Pp. 42-49."
"g47","G","BELLES-LETTRES","Sample G47 from Garry Davis, The World Is My Country. New York: G. P. Putnam's Sons, 1961. Pp. 92-97."
"g48","G","BELLES-LETTRES","Sample G48 from Francis F. McKinney, Education in Violence: The Life of George H. Thomas and the History of the Army of the Cumberland. Detroit: Wayne State University Press, 1961. Pp. 362-366."
"g49","G","BELLES-LETTRES","Sample G49 from Paul van Kuykendall Thomson, Francis Thompson, A Critical Biography. New York. Thomas Nelson and Sons, 1961. Pp. 172-178."
"g50","G","BELLES-LETTRES","Sample G50 from Curtis Carroll Davis, The King's Chevalier: A Biography of Lewis Littlepage. Indianapolis: The Bobbs-Merrill Co., A Subsidiary of Howard W. Sams and Co., Inc., 1961. Pp. 192-196."
"g51","G","BELLES-LETTRES","Sample G51 from Ilka Chase, The Carthaginian Rose. Garden City, New York: Doubleday and Company, Inc., 1961. Pp. 182-186."
"g52","G","BELLES-LETTRES","Sample G52 from Robert L. Duncan, The Reluctant General. New York: E. P. Dutton and Co., Inc., 1961. Pp. 70-74."
"g53","G","BELLES-LETTRES","Sample G53 from Bertram Lippincott, Indians, Privateers, and High Society. Philadelphia: J. B. Lippincott Co., Pp. 50-56."
"g54","G","BELLES-LETTRES","Sample G54 from Mabel Wolfe Wheaton and LeGette Blythe, Thomas Wolfe and His Family. Garden City, New York: Doubleday and Company, Inc., 1961. Pp. 202-207."
"g55","G","BELLES-LETTRES","Sample G55 from Ralph Flanders, Senator from Vermont. Boston: Little, Brown and Co., 1961. Pp. 124-129."
"g56","G","BELLES-LETTRES","Sample G56 from Keith F. McKean, The Moral Measure of Literature. Denver: Alan Swallow, 1961. Pp. 16-22."
"g57","G","BELLES-LETTRES","Sample G57 from Robin M. Williams, Jr., ''Values and Modern Education in the United States,'' in Donald N. Barrett, editor, Values in America. Notre Dame, Indiana: The University of Notre Dame Press, 1961. Pp. 74-80. 0010-1980"
"g58","G","BELLES-LETTRES","Sample G58 from North Callahan, Daniel Morgan. New York: Holt, Rinehart and Winston, Inc., 1961. Pp. 154-160."
"g59","G","BELLES-LETTRES","Sample G59 from Esther Rowland Clifford, A Knight of Great Renown. Chicago: The University of Chicago Press, 1961. Pp. 160-166."
"g60","G","BELLES-LETTRES","Sample G60 from Gertrude Berg and Cherney Berg, Molly and Me. New York: McGraw-Hill Book Company. Inc., 1961. Pp. 134-139."
"g61","G","BELLES-LETTRES","Sample G61 from Donald A. White, Litus Saxonicum Madison, Wisconsin: Department of History, University of Wisconsin, 1961."
"g62","G","BELLES-LETTRES","Sample G62 from C. H. Cramer, Newton D. Baker. Cleveland: The World Publishing Company, 1961. Pp. 96-102."
"g63","G","BELLES-LETTRES","Sample G63 from George Steiner, The Death of Tragedy. New York: Alfred A. Knopf, 1961. Pp. 192-200."
"g64","G","BELLES-LETTRES","Sample G64 from Mark Eccles, Shakespeare in Warwickshire. Madison: University of Wisconsin Press, 1961. Pp. 94-99."
"g65","G","BELLES-LETTRES","Sample G65 from Timothy Paul Donovan, Henry Adams and Brooks Adams. Norman: The University of Oklahoma Press, 1961. Pp. 72-78."
"g66","G","BELLES-LETTRES","Sample G66 from Van Wyck Brooks, From the Shadow of the Mountain. New York: E. P. Dutton and Co., Inc., 1961. Pp. 98-103."
"g67","G","BELLES-LETTRES","Sample G67 from Mark Schorer, Sinclair Lewis: An American Life. New York: McGraw-Hill Book Company, Inc., 1961. Pp. 468-472."
"g68","G","BELLES-LETTRES","Sample G68 from Harris Francis Fletcher, The Intellectual Development of John Milton. Volume II. Urbana, Illinois: The University of Illinois Press, 1961. Pp. 474-478."
"g69","G","BELLES-LETTRES","Sample G69 from Mark R. Hillegas, ''Dystopian Science Fiction: New Index to the Human Situation,'' New Mexico Quarterly, 31: 3 (Autumn, 1961), 240-245."
"g70","G","BELLES-LETTRES","Sample G70 from Joseph Wood Krutch, ''If You Don't Mind My Saying So'' The American Scholar, 31: 1 (Winter, 1961-1962), 120, 122, 124."
"g71","G","BELLES-LETTRES","Sample G71 from Joseph Frank, ''André Malraux: The Image of Man'' The Hudson Review, 14:1 (Spring, 1961), 52-57."
"g72","G","BELLES-LETTRES","Sample G72 from J. W. Fulbright, ''For a Concert of Free Nations'' Foreign Affairs, 40: 1 (October, 1961), 12-17."
"g73","G","BELLES-LETTRES","Sample G73 from Carolyn See, ''The Jazz Musician as Patchen's Hero'' The Arizona Quarterly, 17: 2 (Summer, 1961), 136-141."
"g74","G","BELLES-LETTRES","Sample G74 from John McCormick, ''The Confessions of Jean Jacques Krim'' The Noble Savage, 4 (October, 1961), 8-12."
"g75","G","BELLES-LETTRES","Sample G75 from George Garrett, ''A Wreath for Garibaldi'' The Kenyon Review, 23: 3 (Summer, 1961), 484-489."
"h01","H","MISCELLANEOUS: GOVERNMENT AND HOUSE ORGANS","Sample H01 from Handbook of Federal Aids to Communities. U.S. Department of Commerce, Area Development Administration, June, 1961. Pp. 10-13. 0010-2160"
"h02","H","MISCELLANEOUS: GOVERNMENT AND HOUSE ORGANS","Sample H02 from An Act for International Development, A Summary Presentation. June, 1961. Department of State, U.S.A., Pp. 12-17. 0010-2020"
"h03","H","MISCELLANEOUS: GOVERNMENT AND HOUSE ORGANS","Sample H03 from 87th Congress, 1st Session. House Document No. 247. The Leadership of Speaker Sam Rayburn. Collected Tributes of His Congressional Colleagues. A compilation of tributes paid him in the Hall of the House of Representatives, June 12, 1961. Pp. 60-65. 0010-1740"
"h04","H","MISCELLANEOUS: GOVERNMENT AND HOUSE ORGANS","Sample H04 from Rhode Island Legislative Council. Research Report Number 1, 1961. State Automobiles and Travel Allowances. Pp. vii-x, 1-8."
"h05","H","MISCELLANEOUS: GOVERNMENT AND HOUSE ORGANS","Sample H05 from Rhode Island Legislative Council. Research Report Number 4, 1961. Taxing of Movable Tangible Property. Pp. 5-15. 0010-1820"
"h06","H","MISCELLANEOUS: GOVERNMENT AND HOUSE ORGANS","Sample H06 from Rhode Island Development Council. Annual Report 1960. Pp. 4-11. 0010-2160"
"h07","H","MISCELLANEOUS: GOVERNMENT AND HOUSE ORGANS","Sample H07 from Rhode Island Legislative Council. Research Report Number 2, 1961. Uniform Fiscal Year for Municipalities. Pp. 11-25. 0010-1990"
"h08","H","MISCELLANEOUS: GOVERNMENT AND HOUSE ORGANS","Sample H08 from Rhode Island Governor's Proclamations:"
"h09","H","MISCELLANEOUS: GOVERNMENT AND HOUSE ORGANS","Sample H09 from Statements 87th Congress, 1st Session. Appropriations, Budget Estimates, etc. Public Laws 87-295, H. R. 7916; 87-300, H. R. 8341; 87-347, H. R. 84. January 13, 1961 - September 27, 1961. Pp. 410-414. 0010-1990"
"h10","H","MISCELLANEOUS: GOVERNMENT AND HOUSE ORGANS","Sample H10 from Medicine in National Defense. Final Report of the Assistant Secretary of Defense (Health and Medical). 1 July 1958 - 31 January 1961 (dated 22 November 1961). Washington 25, D.C. Pp. 68-72. 0010-2130"
"h11","H","MISCELLANEOUS: GOVERNMENT AND HOUSE ORGANS","Sample H11 from 1961 Research Highlights of the National Bureau of Standards. Annual Report, Fiscal Year 1961. U.S. Department of Commerce, Miscellaneous Publication 242, December, 1961. Pp. 54-60."
"h12","H","MISCELLANEOUS: GOVERNMENT AND HOUSE ORGANS","Sample H12 from Legislation on Foreign Relations. Committee on Foreign Relations, U.S. Senate. Committee on Foreign Affairs, U.S. House of Representatives. December, 1960. Pp. 480-483.0010-1920"
"h13","H","MISCELLANEOUS: GOVERNMENT AND HOUSE ORGANS","Sample H13 from 87th Congress, 1st Session. Congressional Record. Vol. 102, Part 6. May 1 to May 17, 1961. Pp. 7019-7020."
"h14","H","MISCELLANEOUS: GOVERNMENT AND HOUSE ORGANS","Sample H14 from Grants-in-Aid and Other Financial Assistance Programs Administered by the U.S. Department of Health, Education and Welfare. Office of Program Analysis. 1961 Edition. Pp. 157-162."
"h15","H","MISCELLANEOUS: GOVERNMENT AND HOUSE ORGANS","Sample H15 from The Family Fallout Shelter. Office of Civil and Defence Mobilization. M. P. 15. Pp. 9-19.0010-1900"
"h16","H","MISCELLANEOUS: GOVERNMENT AND HOUSE ORGANS","Sample H16 from U.S. Reports. Volume 366. Cases Adjudged in the Supreme Court at October Term 1960. Opinions and Decisions Per Curiam April 24 through (in part) June 5, 1961. Pp. 338-345. 0010-1960"
"h17","H","MISCELLANEOUS: GOVERNMENT AND HOUSE ORGANS","Sample H17 from U.S. Reports. Volume 364. Cases Adjudged in the Supreme Court October Term 1959, 1960, August Special Term 1960. Pp. 58-65."
"h18","H","MISCELLANEOUS: GOVERNMENT AND HOUSE ORGANS","Sample H18 from The Department of State: A Fresh Look at the Formulation of Foreign Policy. Informal Remarks made by Secretary of State Rusk...February 20, 1961. Pp. 2-4.0010-1770"
"h19","H","MISCELLANEOUS: GOVERNMENT AND HOUSE ORGANS","Sample H19 from Peace Corps. Fact Book. April 1, 1961. Pp. 20-25. 0010-1840"
"h20","H","MISCELLANEOUS: GOVERNMENT AND HOUSE ORGANS","Sample H20 from Development Program for the National Forests. U.S. Department of Agriculture. Forest Service. November, 1961. Miscellaneous Publication 896. Pp. 14-20. 0010-2080"
"h21","H","MISCELLANEOUS: GOVERNMENT AND HOUSE ORGANS","Sample H21 from Public Papers of the Presidents of the U.S. D. D. Eisenhower, 1960-1961. Containing the Public Messages, Speeches and Statements of the President, January 1, 1960 to January 20, 1961. Pp. 48-53. 0010-1980"
"h22","H","MISCELLANEOUS: GOVERNMENT AND HOUSE ORGANS","Sample H22 from U.S. Treaties and Other International Agreements. Volume II, Part 2. 1960. 1307-2695, Department of State. Pp. 1546-1551."
"h23","H","MISCELLANEOUS: GOVERNMENT AND HOUSE ORGANS","Sample H23 from Federal Communications Commission Reports. Decisions and Reports of the Federal Communications Commission of the United States, July 10, 1959, to January 8, 1960. Vol. 27. Pp. 588-592."
"h24","H","MISCELLANEOUS: GOVERNMENT AND HOUSE ORGANS","Sample H24 from Your Federal Income Tax. 1962 Edition (Revised to October 1961) U.S. Treasury Department, Internal Revenue Service. Publication No. 17. Pp. 11-13. 0010-1890"
"h25","H","MISCELLANEOUS: GOVERNMENT AND HOUSE ORGANS","Sample H25 from ''Report of the Secretary General'' in John Simon Guggenheim Memorial Foundation, Reports of the Secretary General and of the Treasurer, 1959 and 1960. New York: 1961. Pp. 16-24."
"h26","H","MISCELLANEOUS: GOVERNMENT AND HOUSE ORGANS","Sample H26 from [Anonymous,] A Brief Background of Brown and Sharpe Past Present 8-page pamphlet, no date."
"h27","H","MISCELLANEOUS: GOVERNMENT AND HOUSE ORGANS","Sample H27 from Annual Report for the year ended December 31, 1960. Leesona Corporation, Providence, Rhode Island. Used by permission."
"h28","H","MISCELLANEOUS: GOVERNMENT AND HOUSE ORGANS","Sample H28 from Carleton College Bulletin. Northfield, Minnesota: March, 1961. Pp. 92-99. Used by permission. 0010-2090"
"h29","H","MISCELLANEOUS: GOVERNMENT AND HOUSE ORGANS","Sample H29 from Sprague Log, xxiii: 5 (January, 1961). Sprague Electric Company, North Adams, Massachusetts. Used by permission."
"h30","H","MISCELLANEOUS: GOVERNMENT AND HOUSE ORGANS","Sample H30 from Fifty-sixth Annual Report for the Year ending June 30, 1961. The Carnegie Foundation for the Advancement of Teaching. [Summary from Harold W. Dodds, The College and University President at Work.] Pp. 18-24."
"j01","J","LEARNED","Sample J01 from Cornell H. Mayer, ''Radio Emission of the Moon and Planets'' in Gerard P. Kuiper and Barbara M. Middlehurst, editors, Planets and Satellites. Vol. 3 of The Solar System. Chicago: The University of Chicago Press, 1961. Pp. 442-446."
"j02","J","LEARNED","Sample J02 from Raymond C. Binder et al., editors, Proceedings of the 1961 Heat Transfer and Fluid Mechanics Institute. Stanford: Stanford University Press, 1961. Pp. 193-196."
"j03","J","LEARNED","Sample J03 from Harry H. Hull, ''The Normal Forces and Their Thermodynamic Significance,'' Transactions of the Society of Rheology, V (1961), 120-125."
"j04","J","LEARNED","Sample J04 from James A. Ibers et al., ''Proton magnetic resonance study of polycrystalline HCr02'' The Physical Review, 121: 6 (March 15, 1961), 1620-1622. Used by permission.0010-1990"
"j05","J","LEARNED","Sample J05 from Jay C. Harris and John R. Van Wazer, ''Detergent building'', in J. R. Van Wazer, editor, Phosphorus and Its Compounds. New York: Interscience Publishers, Inc., 1961. Pp. 1732-1737."
"j06","J","LEARNED","Sample J06 from Francis J. Johnston and John E. Willard, ''The exchange reaction between Chlorine and Carbon Tetrachloride'', Journal of Physical Chemistry, 65 (February, 1961, 317-318."
"j07","J","LEARNED","Sample J07 from J. F. Vedder, ''Micrometeorites'', in Francis S. Johnson, editor, Satellite Environment Handbook. Stanford: Stanford University Press, 1961. Pp. 92-97."
"j08","J","LEARNED","Sample J08 from LeRoy Fothergill, ''Biological Warfare'', in Peter Gray, editor, The Encyclopedia of the Biological Science. New York: Reinhold Publishing Corporation, 1961. Pp. 145-149."
"j09","J","LEARNED","Sample J09 from M. Yokoyama et al., ''Chemical and serological characteristics of blood group antibodies in the ABO and Rh systems,'' The Journal of Immunology, 87 (1961), 56-60."
"j10","J","LEARNED","Sample J10 from B. J. D. Meeuse, The Story of Pollination. New York: The Ronald Press Company, 1961. Pp. 104-108."
"j11","J","LEARNED","Sample J11 from Clifford H. Pope, The Giant Snakes. New York: Alfred A. Knopf, 1961. Pp. 150-155."
"j12","J","LEARNED","Sample J12 from Richard F. McLaughlin, et al., ''A study of the subgross pulmonary anatomy in various mammals,'' The American Journal of Anatomy, 108 (1961), 154-157. Used by permission. 0010-1890"
"j13","J","LEARNED","Sample J13 from S. Idell Pyle, et al., Onsets, Completions, and Spans of the Osseous Stage of Development in Representative Bone Growth Centers of the Extremities. Longitudinal Studies of Child Health and Development, Harvard School of Public Health, Series II, No. 12. Monograph of the Society for Research in Child Development, 26: 1. Serial No. 79, 1961. Pp. 20-21, 24-25."
"j14","J","LEARNED","Sample J14 from Jacob Robbins et al., ''The thyroid-stimulating hormone and the iodine-containing hormones,'' in C. H. Gray and A. L. Bacharach, editors, Hormones in Blood. London and New York: Academic Press, 1961. Pp.52-56"
"j15","J","LEARNED","Sample J15 from J. W. C. Hagstrom et al., ''Debilitating muscular weakness and steroid therapy,'' Archives of Neurology, 5 (1961), 60-65."
"j16","J","LEARNED","Sample J16 from A. N. Nagaraj and L. M. Black, ''Localization of wound-tumor virus antigen in plant tumors by the use of fluorescent antibodies,'' Virology, 15 (1961), 290-293. New York: Academic Press, Used by permission. 0010-2010"
"j17","J","LEARNED","Sample J17 from E. Gellhorn, ''Prolegomena to a theory of the emotions'' Perspectives in Biology and Medicine, 4 (1961), 426-431. Chicago: The University of Chicago Press. Used by permission. 0010-2120"
"j18","J","LEARNED","Sample J18 from Kenneth Hoffman and Ray Kunze, Linear Algebra. Englewood Cliffs, New Jersey: Prentice-Hall, Inc., 1961. Pp. 179-185."
"j19","J","LEARNED","Sample J19 from Frederick Mosteller et al., Probability with Statistical Applications. Reading, Massachusetts: Addison-Wesley Publishing Co., Inc., 1961."
"j20","J","LEARNED","Sample J20 from R. P. Jerrard, ''Inscribed squares in plane curves'' Transactions of the American Mathematical Society, 98 (1961) 234-238."
"j21","J","LEARNED","Sample J21 from C. R. Wylie, Jr. ''Line involutions in S3 whose singular lines all meet in a twisted curve,'' Proceedings of the American Mathematical Society, 12 (1961), 335-339."
"j22","J","LEARNED","Sample J22 from Max F. Millikan and Donald L. M. Blackmer, editors, The Emerging Nations: Their Growth and United States Policy. Boston: Little, Brown and Company, 1961. Pp. 136-142."
"j23","J","LEARNED","Sample J23 from Joyce O. Hertzler, American Social Institutions; a Sociological Analysis. Boston: Allyn and Bacon, Inc., 1961. Pp. 478-482."
"j24","J","LEARNED","Sample J24 from Howard J. Parad, ''Preventive casework: problems and implications'' The Social Welfare Forum, 1961. New York and London: Columbia University Press for the National Conference on Social Welfare, Columbus, Ohio. Pp. 186-191."
"j25","J","LEARNED","Sample J25 from Sister Claire Marie Sawyer, Some Aspects of the Fertility of a Tri-Racial Isolate. Washington: The Catholic University of America Press, 1961. Studies of Sociology, Number 46. Pp. 8-17."
"j26","J","LEARNED","Sample J26 from Frank Lorimer, Demographic Information on Tropical Africa. Boston: Boston University Press, 1961. Pp. 130-136."
"j27","J","LEARNED","Sample J27 from Dale L. Womble, ''Functional Marriage Course for the Already Married'', Marriage and Family Living, 23 (1961), 280-282."
"j28","J","LEARNED","Sample J28 from William H. Ittelson and Samuel B. Kutash, editors, Perceptual Changes in Psychopathology. New Brunswick, New Jersey: Rutgers University Press, 1961. Pp. 196-201."
"j29","J","LEARNED","Sample J29 from Jesse W. Grimes and Wesley Allinsmith, ''Compulsivity, Anxiety and School Achievement'', Merrill-Palmer Quarterly of Behavior and Development, 7 (1961), 254-261."
"j30","J","LEARNED","Sample J30 from Raymond J. Corsini et al., Roleplaying in Business and Industry. New York: Free Press of Glencoe, Inc., A Division of the Crowell- Collier Publishing Company, 1961. Pp. 138-146."
"j31","J","LEARNED","Sample J31 from Harold Searles, ''Schizophrenic Communication,'' Psychoanalysis and the Psychoanalytic Review, 48 (1961), 14-18. Reprinted from Psychoanalysis and the Psychoanalytic Review (now known as The Psychoanalytic Review), Volume 48, No. 1, Spring 1961, through the courtesy of the Editors and the Publisher, National Psychological Association for Psychoanalysis, Inc. 0010-1790"
"j32","J","LEARNED","Sample J32 from Hugh Kelly and Ted Ziehe, ''Glossary Lookup Made Easy'' Proceedings of the National Symposium on Machine Translation, University of California at Los Angeles. Englewood Cliffs, New Jersey: Prentice-Hall, Inc., 1961. Pp. 326-331. Reproduction permitted for any purpose of the U.S. Government. 0010-1750"
"j33","J","LEARNED","Sample J33 from Ralph B. Long. The Sentence and Its Parts: A Grammar of Contemporary English. Chicago: The University of Chicago Press, 1961. Pp. 460-464."
"j34","J","LEARNED","Sample J34 from H. A. Gleason, ''Review of African language studies I, edited by Malcolm Guthrie,'' Language, 37 (1961), 302-305."
"j35","J","LEARNED","Sample J35 from A.L. Kroeber, ''Semantic Contribution of Lexicostatistics'' International Journal of American Linguistics, 27 (1961), 4-7."
"j36","J","LEARNED","Sample J36 from D. F. Fleming, The Cold War and Its Origins. New York: Doubleday and Company, Inc., 1961. Vol. 1: 1917-1960. Pp. 202-205. Reprinted by permission of Doubleday and Company, Inc. 0010-1840"
"j37","J","LEARNED","Sample J37 from Douglas Ashford, ''Elections in Morocco: Progress or Confusion?'' Middle East Journal, Winter, 1961, 2-8."
"j38","J","LEARNED","Sample J38 from Committee for Economic Development, Distressed Areas in a Growing Economy. A Statement on National Policy by the Research and Policy Committee of the Committee for Economic Development. New York, 1961. Pp. 48-53. Used by permission.0010-1920"
"j39","J","LEARNED","Sample J39 from William O'Connor. Stocks, Wheat and Pharaohs. New York: Wener Books Company, 1961. Pp. 82-89. 0010-1820"
"j40","J","LEARNED","Sample J40 from James J. O'Leary, ''The Outlook for Interest Rates in 1961'' Banking, LIII (1961), 40-41, 112, 114, 117."
"j41","J","LEARNED","Sample J41 from Allan J. Braff and Roger F. Miller, ''Wage-Price Policies Under Public Pressure,'' Southern Economic Journal, xxviii: 2 (1961), 163-165."
"j42","J","LEARNED","Sample J42 from Morton A. Kaplan and Nicholas de B. Katzenbach, The Political Foundation of International Law. New York: John Wiley and Sons, Inc., 1961. Pp. 62-67."
"j43","J","LEARNED","Sample J43 from Wallace Mendelson, Justices Black and Frankfurter: Conflict in the Court. Chicago: The University of Chicago Press, 1961. Pp. 90-96."
"j44","J","LEARNED","Sample J44 from J. Mitchell Reese, Jr., Reorganization Transfers and Survival of Tax Attribute,'' Tax Law Review, 16 (1961), 210-215."
"j45","J","LEARNED","Sample J45 from Albert N. Schrieber et al., Defence Procurement and Small Business. Seattle: University of Washington Press, 1961. Pp. 7-13."
"j46","J","LEARNED","Sample J46 from Irving Perluss, ''Agricultural Labor Disputes in California - 1960'' Employment Security Review, 28: 1 (January, 1961), 5-7."
"j47","J","LEARNED","Sample J47 from William B. Ragan, Teaching America's Children. New York: Holt, Rinehart and Winston, Inc., 1961. Pp. 76-80."
"j48","J","LEARNED","Sample J48 from Paul Cooke, ''Desegregated Education in the Middle-South Region: Problems and Issues,'' The Journal of Negro Education, 30 (1961) 75-78. Used by permission. 0010-1950"
"j49","J","LEARNED","Sample J49 from Robert J. Havighurst, ''Social-Class Influence on American Education,'' chapter V of Social Forces Influencing American Education. The Sixtieth Yearbook of the National Society for the Study of Education. Edited by Nelson B. Henry. Part II, pp. 130-135."
"j50","J","LEARNED","Sample J50 from James C. Bonbright, Principles of Public Utility Rates. New York: Columbia University Press, 1961. Pp. 342-347."
"j51","J","LEARNED","Sample J51 from Irving Louis Horowitz, Philosophy, Science and the Sociology of Knowledge. Springfield, Illinois: Charles C. Thomas, 1961. Pp. 54-59."
"j52","J","LEARNED","Sample J52 from Brand Blanshard, ''The Emotive Theory,'' Robert E. Dewey, et al., ed., Problems of Ethics: A Book of Readings. New York: The Macmillan Company, 1961. Pp. 426-429."
"j53","J","LEARNED","Sample J53 from William S. Haymond, ''Is Distance an Original Factor in Vision?'' The Modern Schoolman, xxxix (1961), 40-45."
"j54","J","LEARNED","Sample J54 from Chester G. Starr, The Origins of Greek Civilization 1100-650 B. C. New York: Alfred A. Knopf, Inc., 1961. Pp. 144-150."
"j55","J","LEARNED","Sample J55 from Jim Berry Pearson, The Maxwell Land Grant. Norman: The University of Oklahoma Press, 1961. Pp. 134-139."
"j56","J","LEARNED","Sample J56 from Edwin L. Bigelow and Nancy H. Otis, Manchester, Vermont: A Pleasant Land Among the Mountains. Vermont: The Town of Manchester, 1961. Pp. 108-113."
"j57","J","LEARNED","Sample J57 from J. H. Hexter, ''Thomas More: On the Margins of Modernity'' Journal of British Studies, I: 1 (November, 1961), 28-32."
"j58","J","LEARNED","Sample J58 from John Michael Ray, ''Rhode Island's Reactions to John Brown's Raid'' Rhode Island History, 20: 4 (October, 1961), 100-105."
"j59","J","LEARNED","Sample J59 from Clement Greenberg, ''Collage'' in his Art and Culture: Critical Essay. Boston: Beacon Press, 1961. Pp. 74-79."
"j60","J","LEARNED","Sample J60 from Robert A. Futterman, The Future of Our Cities. Garden City, New York: Doubleday and Company, Inc., 1961. Pp. 62-68."
"j61","J","LEARNED","Sample J61 from Allyn Cox, ''Completing and Restoring the Capitol Frescos'' Museum News, 39: 5 (February, 1961), 14-17."
"j62","J","LEARNED","Sample J62 from Jimmy Ernst, ''A Letter to Artists of the Soviet Union'' Art Journal, XXI: 2 (Winter, 1961-62), 66-67."
"j63","J","LEARNED","Sample J63 from John H. Schaar, Escape from Authority: The Perspective of Erich Fromm. New York: Basic Books, Inc., 1961. Pp. 200-207."
"j64","J","LEARNED","Sample J64 from Katherine Griffith McDonald, ''Figures of Rebellion'' Opera News, 25: 9 (January 7, 1961), 21-23."
"j65","J","LEARNED","Sample J65 from Samuel Hynes, The Pattern of Hardy's Poetry. Chapel Hill: The University of North Carolina Press, 1961. Pp. 130-137."
"j66","J","LEARNED","Sample J66 from Kenneth Rexroth, ''Disengagement: The Art of the Beat Generation'' in A Casebook of the Beat, edited by Thomas Parkinson. New York: Thomas Y. Crowell Company, 1961. Pp. 181-184."
"j67","J","LEARNED","Sample J67 from William Whallon, ''The Diction of Beowulf'' PMLA, Publications of the Modern Language Association of America LXXVI: 4, part 1 (September, 1961), 309-311."
"j68","J","LEARNED","Sample J68 from Charles R. Forker, ''The Language of Hands in Great Expectations'' Texas Studies in Literature and Language, III: 2 (Summer, 1961), 280-284."
"j69","J","LEARNED","Sample J69 from IBM Reference Manual - IBM 7070 Series Programming Systems - Autocoder."
"j70","J","LEARNED","Sample J70 from Ross E. McKinney and Howard Edde, ''Aerated Lagoon for Surburban Sewage Disposal'' Journal of the Water Pollution Control Federation, 33: 12 (December, 1961), 1277-1283."
"j71","J","LEARNED","Sample J71 from Captain Thomas D. McGrath, USN (Ret'd), ''Submarine Defense'' United States Naval Institute Proceedings, 87: 7 (July, 1961), 38-41."
"j72","J","LEARNED","Sample J72 from ''Independent Research'' Mellon Institute Annual Report 1960. Pittsburgh: Mellon Institute, 1961. Pp. 10-13."
"j73","J","LEARNED","Sample J73 from Directory of Continuing Numeric Data Projects. Washington: National Academy of Sciences. National Research Council, 1961. Pp. 14-21. 0010-2150"
"j74","J","LEARNED","Sample J74 from Harland W. Nelson, ''Food Preservation by Ionizing Radiation'' Battelle Technical Review, 10: 1 (January, 1961), 8-12."
"j75","J","LEARNED","Sample J75 from W. K. Asbeck, ''Forces in Coatings Removal by Knife Cutting Methods'' Adhesion and Cohesion, edited by Philip Weiss. New York: Elsevir Publishing Company, 1962. Proceedings of the Symposium on Adhesion And Cohesion, General Motors Research Laboratories, Warren, Michigan, 1961. Pp. 102-103, 105-111."
"j76","J","LEARNED","Sample J76 from ''Survey of foamed plastics'' Modern Plastics Encyclopedia, edited by Joel Frados. New York: Plastics Catalogue Corporation, 1961. Pp. 390-393, of Vol 39, No. 1A. 0010-1940"
"j77","J","LEARNED","Sample J77 from William D. Appel, editor, 1961 Technical Manual of the American Association of Textile Chemists and Colorists. New York: Howes Publishing Company, Inc., 1961. Vol. 37 (September, 1961), 121-123. Permission to reprint granted by AATCC, Research Triangle Park, P.O.Box 886, Durham, North Carolina.0010-2030"
"j78","J","LEARNED","Sample J78 from Paul J. Dolon and Wilfrid F. Niklas, ''Gain and Resolution of Fiber Optic Intensifier'' Proceedings of the Image Intensifier Symposium October 24-26, 1961. Washington: Office of Scientific and Technical Information, National Aeronautics Space Administration, 1961. Pp. 93-97.0010-2060"
"j79","J","LEARNED","Sample J79 from Rutherford Aris, The Optical Design of Chemical Reactors. New York: Academic Press, Inc., 1961. Pp. 14-20."
"j80","J","LEARNED","Sample J80 from C. J. Savant et al., Principles of Inertial Navigation. New York: McGraw-Hill Book Company, Inc., 1961. Pp. 144-150."
"k01","K","FICTION: GENERAL","Sample K01 from Christopher Davis, First Family. New York: Coward McCann, Inc., 1961. Pp. 204-210."
"k02","K","FICTION: GENERAL","Sample K02 from Clayton C. Barbeau, The Ikon. New York: Coward McCann, Inc., 1961. Pp. 80-85."
"k03","K","FICTION: GENERAL","Sample K03 from Tristram Coffin, Not to the Swift. New York: W. W. Norton and Co., Inc., 1961. Pp. 200-204."
"k04","K","FICTION: GENERAL","Sample K04 from W. E. B. DuBois, Worlds of Color. New York: Mainstream Publishers, 1961. Pp. 134-139."
"k05","K","FICTION: GENERAL","Sample K05 from David Stacton, The Judges of the Secret Court. New York: Pantheon Books, Inc., 1961. Pp. 50-56."
"k06","K","FICTION: GENERAL","Sample K06 from Louis Zara, Dark Rider. Cleveland, Ohio: World Publishing Company, 1961. Pp. 40-44."
"k07","K","FICTION: GENERAL","Sample K07 from Francis Pollini, Night. Boston: Houghton Mifflin Company, 1961. Pp. 246-252."
"k08","K","FICTION: GENERAL","Sample K08 from Guy Endore, Voltaire! Voltaire! New York: Simon and Schuster, 1961. Pp. 96-100"
"k09","K","FICTION: GENERAL","Sample K09 from Howard Fast, April Morning. New York: Crown Publishers, Inc., 1961. Pp. 130-136."
"k10","K","FICTION: GENERAL","Sample K10 from Glayds H. Barr, The Master of Geneva. New York: Holt, Rinehart and Winston, Inc., 1961. Pp. 152-157."
"k11","K","FICTION: GENERAL","Sample K11 from Robert Penn Warren, Wilderness. New York: Random House, 1961. Pp. 162-170."
"k12","K","FICTION: GENERAL","Sample K12 from Gerald Green, The Heartless Light. New York: Charles Scribner's Sons, 1961. Pp. 166-170."
"k13","K","FICTION: GENERAL","Sample K13 from William Maxwell, The Chateau. New York: Alfred A. Knopf, Inc., 1961. Pp. 240-245."
"k14","K","FICTION: GENERAL","Sample K14 from Irving Stone, The Agony and the Ecstasy. Garden City, New York: Doubleday and Company, Inc., 1961. Pp. 294-298."
"k15","K","FICTION: GENERAL","Sample K15 from Ann Hebson, The Lattimer Legend. New York: The Macmillan Company, 1961. Pp. 190-195."
"k16","K","FICTION: GENERAL","Sample K16 from Stephen Longstreet, Eagles Where I Walk. Garden City, New York: Doubleday and Company, Inc., 1961. Pp. 92-96."
"k17","K","FICTION: GENERAL","Sample K17 from Leon Uris, Mila 8. New York: Doubleday and Company, Inc., 1961. Pp. 324-329."
"k18","K","FICTION: GENERAL","Sample K18 from John Dos Passos, Midcentury. Boston: Houghton Mifflin Company, 1961. Pp. 94-98."
"k19","K","FICTION: GENERAL","Sample K19 from Robert L. Duncan, The Voice of Strangers. Garden City, New York: Doubleday and Company, Inc., 1961. Pp. 242-248."
"k20","K","FICTION: GENERAL","Sample K20 from Guy Bolton, The Olympians. Cleveland and New York: World Publishing Company, 1961. Pp. 128-134."
"k21","K","FICTION: GENERAL","Sample K21 from Bruce Palmer, ''My Brother's Keeper'', Many Are the Hearts. New York: Simon and Schuster, Inc., 1961. Pp. 132-138."
"k22","K","FICTION: GENERAL","Sample K22 from John Cheever, ''The Brigadier and the Golf Widow,'' The New Yorker, 39 (November 11, 1961), 53-54."
"k23","K","FICTION: GENERAL","Sample K23 from Frieda Arkin, ''The Light of the Sea,'' in The Best American Short Stories 1962, edited by Martha Foley and David Burnett. Boston: Houghton Mifflin Company, 1961. Pp. 2-6."
"k24","K","FICTION: GENERAL","Sample K24 from W. H. Gass, ''The Pedersen Kid,'' in The Best American Short Stories 1962, edited by Martha Foley and David Burnett. Boston: Houghton Mifflin Company, 1962. Pp. 110-115."
"k25","K","FICTION: GENERAL","Sample K25 from Arthur Miller, ''The Prophecy,'' in The Best American Short Stories 1962, edited by Martha Foley and David Burnett. Boston: Houghton Mifflin Company, 1962. Pp. 258-262."
"k26","K","FICTION: GENERAL","Sample K26 from Jane Gilmore Rushing, ''Against the Moon,'' The Virginia Quarterly Review, 37: 3 (Summer, 1961), 378-383."
"k27","K","FICTION: GENERAL","Sample K27 from E. Lucas Myers, ''The Vindication of Dr. Nestor,'' The Sewanee Review, 69: 2 (Spring, 1961), 290-295."
"k28","K","FICTION: GENERAL","Sample K28 from Sallie Bingham, ''Moving Day,'' The Atlantic Monthly, 208: 5 (November, 1961), 63-65."
"k29","K","FICTION: GENERAL","Sample K29 from Marvin Schiller, ''The Sheep's in the Meadow,'' The Antioch Review, XXI: 3 (Fall, 1961), 336-340."
"l01","L","FICTION: MYSTERY","Sample L01 from Winfred Van Atta, Shock Treatment. Garden City, New York: Doubleday and Company, Inc., 1961. Pp. 24-31."
"l02","L","FICTION: MYSTERY","Sample L02 from A. A. Fair, Bachelors Get Lonely. New York: William Morrow and Company, Inc., 1961. Pp. 82-89."
"l03","L","FICTION: MYSTERY","Sample L03 from Amber Dean, Encounter with Evil. Garden City, New York: Doubleday and Co., Inc., 1961. Pp. 48-54."
"l04","L","FICTION: MYSTERY","Sample L04 from David Alexander, Bloodstain. Philadelphia: J. B. Lippincott Co., 1961. Pp. 128-134"
"l05","L","FICTION: MYSTERY","Sample L05 from Brett Halliday, The Careless Corpse. New York: Dodd, Mead and Co., 1961. Pp. 136-143."
"l06","L","FICTION: MYSTERY","Sample L06 from Thomas B. Dewey, Hunter at Large. New York: Simon and Schuster, 1961. Pp. 118-124."
"l07","L","FICTION: MYSTERY","Sample L07 from Genevieve Holden, Deadlier Than the Male. Garden City, New York: Doubleday and Company, Inc., 1961. Pp. 96-104."
"l08","L","FICTION: MYSTERY","Sample L08 from Dell Shannon, The Ace of Spades. New York: William Morrow and Company, Inc., 1961. Pp. 184-191."
"l09","L","FICTION: MYSTERY","Sample L09 from Mignon G. Eberhart, The Cup, the Blade or the Sword. New York: Random House, 1961. Pp. 126-132."
"l10","L","FICTION: MYSTERY","Sample L10 from Harry Olesker, Impact. New York: Random House, 1961. Pp. 94-101."
"l11","L","FICTION: MYSTERY","Sample L11 from Hampton Stone, The Man Who Looked Death in the Eye. New York: Simon and Schuster, 1961. Pp. 56-62."
"l12","L","FICTION: MYSTERY","Sample L12 from Whit Masterson, Evil Come, Evil Go. New York: Pocket Books, Inc., 1961. Pp. 49-55."
"l13","L","FICTION: MYSTERY","Sample L13 from Dolores Hitchens, Footsteps in the Night. Garden City, New York: Doubleday and Company, 1961. Pp. 156-161."
"l14","L","FICTION: MYSTERY","Sample L14 from Frances and Richard Lockridge, Murder Has Its Points. Philadelphia: J. B. Lippincott Company, 1961. Pp. 96-101."
"l15","L","FICTION: MYSTERY","Sample L15 from Doris Miles Disney, Mrs. Meeker's Money. Garden City, New York: Doubleday and Company, 1961. Pp. 72-78."
"l16","L","FICTION: MYSTERY","Sample L16 from Alex Gordon, The Cipher. New York: Simon and Schuster, 1961. Pp. 238-245."
"l17","L","FICTION: MYSTERY","Sample L17 from Breni James, Nights of the Kill. New York: Simon and Schuster, 1961. Pp. 114-122."
"l18","L","FICTION: MYSTERY","Sample L18 from George Harmon Coxe, Error of Judgement. New York: Alfred A. Knopf, Inc., 1961. Pp. 24-29."
"l19","L","FICTION: MYSTERY","Sample L19 from Brad Williams, Make a Killing. New York: M. S. Mill Company and William Morrow and Company, 1961. Pp. 196-203."
"l20","L","FICTION: MYSTERY","Sample L20 from Ed Lacy, ''Death by the Numbers,' Manhunt, 9: 4 (August, 1961), 8-12."
"l21","L","FICTION: MYSTERY","Sample L21 from Helen McCloy, ''The Black Disk,'' Ellery Queen's Mystery Magazine, 37: 4 (April, 1961), 23-27."
"l22","L","FICTION: MYSTERY","Sample L22 from S. L. M. Barlow, ''Monologue of Murder,'' The Saint Mystery Magazine, 15: 2 (December, 1961), 121-125."
"l23","L","FICTION: MYSTERY","Sample L23 from J. W. Rose, ''Try My Sample Murders,'' Trapped Detective Story Magazine, 6: 2 (November, 1961), 45-50."
"l24","L","FICTION: MYSTERY","Sample L24 from Fredric Brown, The Murderers. New York: E. P. Dutton and Co., Inc., 1961. Pp. 116-122."
"m01","M","FICTION: SCIENCE","Sample M01 from Robert Heinlein, Stranger in a Strange Land. New York: G. P. Putnam's Sons, 1961. Pp. 250-255."
"m02","M","FICTION: SCIENCE","Sample M02 from Philip José Farmer, The Lovers. New York: Ballantine Books, Inc., 1961. Pp. 37-42."
"m03","M","FICTION: SCIENCE","Sample M03 from James Blish, The Star Dwellers. New York: Avon Book Division, Hearst Corporation, 1961. Pp. 83-88."
"m04","M","FICTION: SCIENCE","Sample M04 from Jim Harmon, ''The Planet with No Nightmare,'' If, 11: 3 (July, 1961), 7-12."
"m05","M","FICTION: SCIENCE","Sample M05 from Anne McCaffrey, ''The Ship Who Sang,'' 7th Annual Edition The Year's Best S-F, edited by Judith Merril, pp. 311-317."
"m06","M","FICTION: SCIENCE","Sample M06 from Cordwainer Smith, ''A Planet Named Shayol,'' 7th Annual Edition The Year's Best S-F, edited by Judith Merril, pp. 353-358."
"n01","N","FICTION: ADVENTURE","Sample N01 from Wayne D. Overholser, The Killer Marshal. New York: Dell Publishing Co., 1963. ["
"n02","N","FICTION: ADVENTURE","Sample N02 from Clifford Irving, The Valley. New York: McGraw-Hill Book Company, Inc., 1961. Pp. 262-267."
"n03","N","FICTION: ADVENTURE","Sample N03 from Cliff Farrell, Trail of the Tattered Star. Garden City, New York: Doubleday and Company, Inc., 1961. Pp. 168-173."
"n04","N","FICTION: ADVENTURE","Sample N04 from James D. Horan, The Shadow Catcher. New York: Crown Publishers, Inc., 1961. Pp. 248-253."
"n05","N","FICTION: ADVENTURE","Sample N05 from Richard Ferber, Bitter Valley. New York: Dell Publishing Company, 1961. Pp. 9-17."
"n06","N","FICTION: ADVENTURE","Sample N06 from Thomas Anderson, Here Comes Pete Now. New York: Random House, 1961. Pp. 4-12."
"n07","N","FICTION: ADVENTURE","Sample N07 from Todhunter Ballard, The Night Riders. New York: Pocket Books, Inc., 1961. Pp. 5-11."
"n08","N","FICTION: ADVENTURE","Sample N08 from Mary Savage, Just for Tonight. New York: Dodd, Mead and Company, 1961. Pp. 114-120."
"n09","N","FICTION: ADVENTURE","Sample N09 from Jim Thompson, The Transgressors. New York: The New American Library of World Literature. Inc., 1961. Pp. 9-13."
"n10","N","FICTION: ADVENTURE","Sample N10 from Joseph Chadwick, No Land Is Free. New York: Avon Book Division, Hearst Corporation, 1961. Pp. 21-26."
"n11","N","FICTION: ADVENTURE","Sample N11 from Gene Caesar, Rifle for Rent. Derby, Connecticut: Monarch Books, Inc., 1963. Pp. 46-51."
"n12","N","FICTION: ADVENTURE","Sample N12 from Edwin Booth, Outlaw Town. New York: Ballantine Books, Inc., 1961. Pp. 103-108."
"n13","N","FICTION: ADVENTURE","Sample N13 from Martha Ferguson McKeown, Mountains Ahead. New York: G. P. Putnam's Sons, 1961. Pp. 390-395."
"n14","N","FICTION: ADVENTURE","Sample N14 from Peter Field, Rattlesnake Ridge. New York: Jefferson House, Inc., 1961. Pp. 164-172."
"n15","N","FICTION: ADVENTURE","Sample N15 from Donald J. Plantz, Sweeney Squadron. New York: Dell Publishing Co., Inc., 1961. Pp. 133-138."
"n16","N","FICTION: ADVENTURE","Sample N16 from Ralph J. Salisbury, ''On the Old Santa Fe Trail to Siberia,'' Northwest Review, 4: 2 (Spring, 1961), 52-56"
"n17","N","FICTION: ADVENTURE","Sample N17 from Richard S. Prather, ''The Bawdy Beautiful,'' Cavalier, 11: 94 (April, 1961), 64-65."
"n18","N","FICTION: ADVENTURE","Sample N18 from Peter Bains, ''With Women...Education Pays Off,'' Monsieur, 4: 2 (February, 1961), 17, 77-78."
"n19","N","FICTION: ADVENTURE","Sample N19 from David Jackson, ''The English Gardens,'' Partisan Review, 28: 2 (March-April, 1961), 216-221."
"n20","N","FICTION: ADVENTURE","Sample N20 from T. C. McClary, ''The Flooded Desert,'' Argosy, 352: 4 (April, 1961) 27, 104-106."
"n21","N","FICTION: ADVENTURE","Sample N21 from C. T. Sommers, ''The Beautiful Mankillers of Eromonga,'' Cavalcade (October, 1961), 60, 62."
"n22","N","FICTION: ADVENTURE","Sample N22 from Gordon Johnson, ''A Matter of Curiosity,'' The Yale Review, L: 4 (June, 1961), 556-560."
"n23","N","FICTION: ADVENTURE","Sample N23 from Wheeler Hall, ''Always Shoot to Kill,'' Bluebook for Men, 100: 7 (October, 1961), 34-35, 52-53."
"n24","N","FICTION: ADVENTURE","Sample N24 from T. K. Brown III, ''The Fifteenth Station,'' Playboy, 8: 7 (July, 1961), 36-38."
"n25","N","FICTION: ADVENTURE","Sample N25 from Wesley Newton, ''Aid and Comfort to the Enemy,'' The University of Kansas City Review, 27: 3 (March, 1961), 210-213."
"n26","N","FICTION: ADVENTURE","Sample N26 from Paul Brock, ''Toughest Lawman in the Old West,'' Rage Magazine, 1: 4 (March, 1961), 41-43, 60."
"n27","N","FICTION: ADVENTURE","Sample N27 from James Hines and James Morris, ''Just Any Girl'' Swank, 8: 6 (January, 1961), 37, 66-68."
"n28","N","FICTION: ADVENTURE","Sample N28 from Ralph Grimshaw, ''Mrs. Hacksaw: New Orleans' Society Killer,'' Sir!, 18: 1 (September, 1961), 56-58."
"n29","N","FICTION: ADVENTURE","Sample N29 from Harlan Ellison, ''Riding the Dark Train Out,'' Rogue, 6: 5 (May, 1961), 14, 30."
"p01","P","FICTION: ROMANCE","Sample P01 from Octavia Waldo, A Cup of the Sun. New York: Harcourt, Brace and World, Inc., 1961. Pp. 8-14."
"p02","P","FICTION: ROMANCE","Sample P02 from Ann Ritner, Seize a Nettle. Philadelphia: J. B. Lippincott Co., 1961. Pp. 158-162"
"p03","P","FICTION: ROMANCE","Sample P03 from Clark McMeekin, The Fairbrothers. New York: G. P. Putnam's Sons, 1961. Pp. 258-264."
"p04","P","FICTION: ROMANCE","Sample P04 from B. J. Chute, The Moon and the Thorn. New York: E. P. Dutton and Co., 1961. Pp. 34-41."
"p05","P","FICTION: ROMANCE","Sample P05 from Allen R. Bosworth, The Crows of Edwina Hill. New York: Harper and Brothers, 1961. Pp. 26-31."
"p06","P","FICTION: ROMANCE","Sample P06 from Richard Tiernan, ''Land of the Silver Dollar,'' The Quixote Anthology, edited by Jean Rikhoff, Kam and Richard Tiernan. New York: Grosset's Universal Library, 1961. Pp. 36-40."
"p07","P","FICTION: ROMANCE","Sample P07 from Vina Delmar, The Big Family. New York: Harcourt, Brace and Co., 1961. Pp. 206-211."
"p08","P","FICTION: ROMANCE","Sample P08 from R. Leslie Gourse, With Gall and Honey. Garden City, New York: Doubleday and Company, Inc., 1961. Pp. 272-276."
"p09","P","FICTION: ROMANCE","Sample P09 from Jesse Hill Ford, Mountains of Gilead. Boston: Little, Brown and Company, 1961. Pp. 128-133."
"p10","P","FICTION: ROMANCE","Sample P10 from Jay Williams, The Forger. New York: Atheneum, 1961. Pp. 4-8."
"p11","P","FICTION: ROMANCE","Sample P11 from Bessie Breuer, Take Care of My Roses. New York: Atheneum, 1961. Pp. 168-176."
"p12","P","FICTION: ROMANCE","Sample P12 from Morley Callaghan, A Passion in Rome. New York: Coward-McCann, Inc., 1961. Pp. 124-129"
"p13","P","FICTION: ROMANCE","Sample P13 from Frank Borden Hanes, The Fleet Rabble. New York: L. C. Page Co., 1961. Pp. 40-44."
"p14","P","FICTION: ROMANCE","Sample P14 from Livingston Biddle, Jr., Sam Bentley's Island. New York: Doubleday and Co., Inc., 1961. Pp. 70-75."
"p15","P","FICTION: ROMANCE","Sample P15 from Loretta Burrough, ''The Open Door,'' Good Housekeeping, 152: 5 (May, 1961), 117-118."
"p16","P","FICTION: ROMANCE","Sample P16 from Margery Finn Brown, ''A Secret Between Friends,'' Redbook, 116: 4 (February, 1961), 104-110."
"p17","P","FICTION: ROMANCE","Sample P17 from Al Hine, ''The Huntress,'' Saturday Evening Post, February 4, 1961, 29, 84-85."
"p18","P","FICTION: ROMANCE","Sample P18 from [Anonymous,] ''No Room in My Heart to Forgive,'' Modern Romances, 56: 11 (November, 1961), 76-78."
"p19","P","FICTION: ROMANCE","Sample P19 from [Anonymous,] ''This Cancer Victim May Ruin My Life,'' Medical Story, 1: 1 (September, 1961), 18-21, 36."
"p20","P","FICTION: ROMANCE","Sample P20 from Spencer Norris, ''Dirty Dog Inn,'' The Dude, 6: 1 (September, 1961) 9-10, 28-30."
"p21","P","FICTION: ROMANCE","Sample P21 from Elizabeth Spencer, ''The White Azalea,'' The Texas Quarterly, 4: 4 (Winter, 1961), 112-115."
"p22","P","FICTION: ROMANCE","Sample P22 from [Anonymous,] ''A Husband Stealer from Way Back,'' True Love, 76: 3 (October, 1961), 6-7, 12."
"p23","P","FICTION: ROMANCE","Sample P23 from Barbara Robinson, ''Something Very Much in Common,'' McCall's, 88: 11 (August, 1961), 172-174."
"p24","P","FICTION: ROMANCE","Sample P24 from Samuel Elkin, ''The Ball Player,'' Nugget, 6: 5 (October, 1961) 25-26, 31."
"p25","P","FICTION: ROMANCE","Sample P25 from William Butler, ''The Pool at Ryusenji,'' Harper's Bazaar, 94th year, no. 2990 (January, 1961), 146-147."
"p26","P","FICTION: ROMANCE","Sample P26 from Ervin D. Krause, ''The Snake,'' Prize Stories 1963: The O. Henry Awards. New York: Doubleday and Company, 1963. First published in Prairie Schooner, Summer, 1961."
"p27","P","FICTION: ROMANCE","Sample P27 from Lee McGiffin, ''Measure of a Man,'' Ladies' Home Journal, 78: 6 (June, 1961), 103-104."
"p28","P","FICTION: ROMANCE","Sample P28 from Carol Hoover, ''The Shorts on the Bedroom Floor,'' Story, XXXIV: 133 (February, 1961), 38-42."
"p29","P","FICTION: ROMANCE","Sample P29 from Robert Carson, My Hero. New York: McGraw-Hill Book Company, 1961. Pp. 170-174."
"r01","R","HUMOR","Sample R01 from Anita Loos, No Mother to Guide Her. New York: McGraw-Hill Book Company, 1961. Pp. 108-115."
"r02","R","HUMOR","Sample R02 from Jean Mercier, Whatever You Do, Don't Panic. New York: Doubleday and Company, Inc., 1961. Pp. 28-35."
"r03","R","HUMOR","Sample R03 from Patrick Dennis, Little Me. New York: E. P. Dutton and Co., Inc., 1961."
"r04","R","HUMOR","Sample R04 from Edward Streeter, The Chairman of the Bored. New York: Harper and Brothers, 1961. Pp. 220-226."
"r05","R","HUMOR","Sample R05 from Evan Esar, Humorous English; a guide to comic usage, jocular speech and writing, and witty grammar. New York: Horizon Press, 1961. Pp. 141-148."
"r06","R","HUMOR","Sample R06 from James Thurber, ''The Future, If Any, of Comedy,'' Harper's Magazine 223: 1339 (December, 1961), 40-43."
"r07","R","HUMOR","Sample R07 from John Hazard Wildman, ''Take It Off,'' The Arizona Quarterly, 17: 3, (Autumn, 1961), 246-252."
"r08","R","HUMOR","Sample R08 from Leo Lemon, ''Catch Up With'' and ''Something to Talk About,'' Mademoiselle, July, 1961, 8, 15, 17, 47-49."
"r09","R","HUMOR","Sample R09 from S. J. Perelman, The Rising Gorge. New York: Simon and Schuster, 1961."
