<TEI xmlns="http://www.tei-c.org/ns/1.0"><teiHeader><fileDesc><titleStmt><title>Sample A01 from  The Atlanta Constitution</title><title type="sub"> November 4, 1961, p.1 "Atlanta Primary ..." 
 "Hartsfield Files" 
 August 17, 1961, "Urged strongly ..." 
 "Sam Caldwell Joins" 
 March 6,1961, p.1 "Legislators Are Moving" by Reg Murphy
 "Legislator to fight" by Richard Ashworth 
 "House Due Bid..." 
 p.18 "Harry Miller Wins..." 
</title></titleStmt><editionStmt><edition>A part  of the XML version of the Brown Corpus</edition></editionStmt><extent>1,988 words 431 (21.7%) quotes 2 symbols</extent><publicationStmt><idno>A01</idno><availability><p>Used by permission of The Atlanta ConstitutionState News Service (H), and Reg Murphy (E).</p></availability></publicationStmt><sourceDesc><bibl> The Atlanta Constitution</bibl></sourceDesc></fileDesc><encodingDesc><p>Arbitrary Hyphen: multi-million [0520]</p></encodingDesc><revisionDesc><change when="2008-04-27">Header auto-generated for TEI version</change></revisionDesc></teiHeader>
<text xml:id="A01" decls="A">
<body><p><s n="1"><w type="AT">The</w> <w type="NP" subtype="TL">Fulton</w> <w type="NN" subtype="TL">County</w> <w type="JJ" subtype="TL">Grand</w> <w type="NN" subtype="TL">Jury</w> <w type="VBD">said</w> <w type="NR">Friday</w> <w type="AT">an</w> <w type="NN">investigation</w> <w type="IN">of</w> <w type="NPg">Atlanta's</w> <w type="JJ">recent</w> <w type="NN">primary</w> <w type="NN">election</w> <w type="VBD">produced</w> <c type="pct">``</c> <w type="AT">no</w> <w type="NN">evidence</w> <c type="pct">''</c> <w type="CS">that</w> <w type="DTI">any</w> <w type="NNS">irregularities</w> <w type="VBD">took</w> <w type="NN">place</w> <c type="pct">.</c> </s>
</p>
<p><s n="2"><w type="AT">The</w> <w type="NN">jury</w> <w type="RBR">further</w> <w type="VBD">said</w> <w type="IN">in</w> <w type="NN">term-end</w> <w type="NNS">presentments</w> <w type="CS">that</w> <w type="AT">the</w> <w type="NN" subtype="TL">City</w> <w type="JJ" subtype="TL">Executive</w> <w type="NN" subtype="TL">Committee</w> <c type="pct">,</c> <w type="WDT">which</w> <w type="HVD">had</w> <w type="JJ">over-all</w> <w type="NN">charge</w> <w type="IN">of</w> <w type="AT">the</w> <w type="NN">election</w> <c type="pct">,</c> <c type="pct">``</c> <w type="VBZ">deserves</w> <w type="AT">the</w> <w type="NN">praise</w> <w type="CC">and</w> <w type="NNS">thanks</w> <w type="IN">of</w> <w type="AT">the</w> <w type="NN" subtype="TL">City</w> <w type="IN" subtype="TL">of</w> <w type="NP" subtype="TL">Atlanta</w> <c type="pct">''</c> <w type="IN">for</w> <w type="AT">the</w> <w type="NN">manner</w> <w type="IN">in</w> <w type="WDT">which</w> <w type="AT">the</w> <w type="NN">election</w> <w type="BEDZ">was</w> <w type="VBN">conducted</w> <c type="pct">.</c> </s>
</p>
<p><s n="3"><w type="AT">The</w> <w type="NP">September-October</w> <w type="NN">term</w> <w type="NN">jury</w> <w type="HVD">had</w> <w type="BEN">been</w> <w type="VBN">charged</w> <w type="IN">by</w> <w type="NP" subtype="TL">Fulton</w> <w type="JJ" subtype="TL">Superior</w> <w type="NN" subtype="TL">Court</w> <w type="NN" subtype="TL">Judge</w> <w type="NP">Durwood</w> <w type="NP">Pye</w> <w type="TO">to</w> <w type="VB">investigate</w> <w type="NNS">reports</w> <w type="IN">of</w> <w type="JJ">possible</w> <c type="pct">``</c> <w type="NNS">irregularities</w> <c type="pct">''</c> <w type="IN">in</w> <w type="AT">the</w> <w type="JJ">hard-fought</w> <w type="NN">primary</w> <w type="WDT">which</w> <w type="BEDZ">was</w> <w type="VBN">won</w> <w type="IN">by</w> <w type="NN" subtype="TL">Mayor-nominate</w> <w type="NP">Ivan</w> <w type="NP">Allen</w> <w type="NP">Jr.</w> <c type="pct">.</c> </s>
</p>
<p><s n="4"><c type="pct">``</c> <w type="RB">Only</w> <w type="AT">a</w> <w type="JJ">relative</w> <w type="NN">handful</w> <w type="IN">of</w> <w type="JJ">such</w> <w type="NNS">reports</w> <w type="BEDZ">was</w> <w type="VBN">received</w> <c type="pct">''</c> <c type="pct">,</c> <w type="AT">the</w> <w type="NN">jury</w> <w type="VBD">said</w> <c type="pct">,</c> <c type="pct">``</c> <w type="IN">considering</w> <w type="AT">the</w> <w type="JJ">widespread</w> <w type="NN">interest</w> <w type="IN">in</w> <w type="AT">the</w> <w type="NN">election</w> <c type="pct">,</c> <w type="AT">the</w> <w type="NN">number</w> <w type="IN">of</w> <w type="NNS">voters</w> <w type="CC">and</w> <w type="AT">the</w> <w type="NN">size</w> <w type="IN">of</w> <w type="DT">this</w> <w type="NN">city</w> <c type="pct">''</c> <c type="pct">.</c> </s>
</p>
<p><s n="5"><w type="AT">The</w> <w type="NN">jury</w> <w type="VBD">said</w> <w type="PPS">it</w> <w type="DOD">did</w> <w type="VB">find</w> <w type="CS">that</w> <w type="AP">many</w> <w type="IN">of</w> <w type="NPg">Georgia's</w> <w type="NN">registration</w> <w type="CC">and</w> <w type="NN">election</w> <w type="NNS">laws</w> <c type="pct">``</c> <w type="BER">are</w> <w type="JJ">outmoded</w> <w type="CC">or</w> <w type="JJ">inadequate</w> <w type="CC">and</w> <w type="RB">often</w> <w type="JJ">ambiguous</w> <c type="pct">''</c> <c type="pct">.</c> </s>
</p>
<p><s n="6"><w type="PPS">It</w> <w type="VBD">recommended</w> <w type="CS">that</w> <w type="NP">Fulton</w> <w type="NNS">legislators</w> <w type="VB">act</w> <c type="pct">``</c> <w type="TO">to</w> <w type="HV">have</w> <w type="DTS">these</w> <w type="NNS">laws</w> <w type="VBN">studied</w> <w type="CC">and</w> <w type="VBN">revised</w> <w type="IN">to</w> <w type="AT">the</w> <w type="NN">end</w> <w type="IN">of</w> <w type="VBG">modernizing</w> <w type="CC">and</w> <w type="VBG">improving</w> <w type="PPO">them</w> <c type="pct">''</c> <c type="pct">.</c> </s>
</p>
<p><s n="7"><w type="AT">The</w> <w type="JJ">grand</w> <w type="NN">jury</w> <w type="VBD">commented</w> <w type="IN">on</w> <w type="AT">a</w> <w type="NN">number</w> <w type="IN">of</w> <w type="AP">other</w> <w type="NNS">topics</w> <c type="pct">,</c> <w type="IN">among</w> <w type="PPO">them</w> <w type="AT">the</w> <w type="NP">Atlanta</w> <w type="CC">and</w> <w type="NP" subtype="TL">Fulton</w> <w type="NN" subtype="TL">County</w> <w type="VBG">purchasing</w> <w type="NNS">departments</w> <w type="WDT">which</w> <w type="PPS">it</w> <w type="VBD">said</w> <c type="pct">``</c> <w type="BER">are</w> <w type="QL">well</w> <w type="VBN">operated</w> <w type="CC">and</w> <w type="VB">follow</w> <w type="RB">generally</w> <w type="VBN">accepted</w> <w type="NNS">practices</w> <w type="WDT">which</w> <w type="VB">inure</w> <w type="IN">to</w> <w type="AT">the</w> <w type="JJT">best</w> <w type="NN">interest</w> <w type="IN">of</w> <w type="ABX">both</w> <w type="NNS">governments</w> <c type="pct">''</c> <c type="pct">.</c> </s>
</p>
<p><s n="8"><w type="NN" subtype="HL">Merger</w> <w type="VBN" subtype="HL">proposed</w> </s>
<s n="9"><w type="WRB">However</w> <c type="pct">,</c> <w type="AT">the</w> <w type="NN">jury</w> <w type="VBD">said</w> <w type="PPS">it</w> <w type="VBZ">believes</w> <c type="pct">``</c> <w type="DTS">these</w> <w type="CD">two</w> <w type="NNS">offices</w> <w type="MD">should</w> <w type="BE">be</w> <w type="VBN">combined</w> <w type="TO">to</w> <w type="VB">achieve</w> <w type="JJR">greater</w> <w type="NN">efficiency</w> <w type="CC">and</w> <w type="VB">reduce</w> <w type="AT">the</w> <w type="NN">cost</w> <w type="IN">of</w> <w type="NN">administration</w> <c type="pct">''</c> <c type="pct">.</c> </s>
</p>
<p><s n="10"><w type="AT">The</w> <w type="NN" subtype="TL">City</w> <w type="VBG" subtype="TL">Purchasing</w> <w type="NN" subtype="TL">Department</w> <c type="pct">,</c> <w type="AT">the</w> <w type="NN">jury</w> <w type="VBD">said</w> <c type="pct">,</c> <c type="pct">``</c> <w type="BEZ">is</w> <w type="VBG">lacking</w> <w type="IN">in</w> <w type="VBN">experienced</w> <w type="JJ">clerical</w> <w type="NNS">personnel</w> <w type="CS">as</w> <w type="AT">a</w> <w type="NN">result</w> <w type="IN">of</w> <w type="NN">city</w> <w type="NNS">personnel</w> <w type="NNS">policies</w> <c type="pct">''</c> <c type="pct">.</c> </s>
<s n="11"><w type="PPS">It</w> <w type="VBD">urged</w> <w type="CS">that</w> <w type="AT">the</w> <w type="NN">city</w> <c type="pct">``</c> <w type="VB">take</w> <w type="NNS">steps</w> <w type="TO">to</w> <w type="VB">remedy</w> <c type="pct">''</c> <w type="DT">this</w> <w type="NN">problem</w> <c type="pct">.</c> </s>
</p>
<p><s n="12"><w type="NN">Implementation</w> <w type="IN">of</w> <w type="NPg">Georgia's</w> <w type="NN">automobile</w> <w type="NN">title</w> <w type="NN">law</w> <w type="BEDZ">was</w> <w type="RB">also</w> <w type="VBN">recommended</w> <w type="IN">by</w> <w type="AT">the</w> <w type="JJ">outgoing</w> <w type="NN">jury</w> <c type="pct">.</c> </s>
</p>
<p><s n="13"><w type="PPS">It</w> <w type="VBD">urged</w> <w type="CS">that</w> <w type="AT">the</w> <w type="AP">next</w> <w type="NN" subtype="TL">Legislature</w> <c type="pct">``</c> <w type="VB">provide</w> <w type="VBG">enabling</w> <w type="NNS">funds</w> <w type="CC">and</w> <w type="VB">re-set</w> <w type="AT">the</w> <w type="JJ">effective</w> <w type="NN">date</w> <w type="CS">so</w> <w type="CS">that</w> <w type="AT">an</w> <w type="JJ">orderly</w> <w type="NN">implementation</w> <w type="IN">of</w> <w type="AT">the</w> <w type="NN">law</w> <w type="MD">may</w> <w type="BE">be</w> <w type="VBN">effected</w> <c type="pct">''</c> <c type="pct">.</c> </s>
</p>
<p><s n="14"><w type="AT">The</w> <w type="JJ">grand</w> <w type="NN">jury</w> <w type="VBD">took</w> <w type="AT">a</w> <w type="NN">swipe</w> <w type="IN">at</w> <w type="AT">the</w> <w type="NN" subtype="TL">State</w> <w type="NN" subtype="TL">Welfare</w> <w type="NNg" subtype="TL">Department's</w> <w type="NN">handling</w> <w type="IN">of</w> <w type="JJ">federal</w> <w type="NNS">funds</w> <w type="VBN">granted</w> <w type="IN">for</w> <w type="NN">child</w> <w type="NN">welfare</w> <w type="NNS">services</w> <w type="IN">in</w> <w type="JJ">foster</w> <w type="NNS">homes</w> <c type="pct">.</c> </s>
</p>
<p><s n="15"><c type="pct">``</c> <w type="DT">This</w> <w type="BEZ">is</w> <w type="CD">one</w> <w type="IN">of</w> <w type="AT">the</w> <w type="JJ">major</w> <w type="NNS">items</w> <w type="IN">in</w> <w type="AT">the</w> <w type="NP" subtype="TL">Fulton</w> <w type="NN" subtype="TL">County</w> <w type="JJ">general</w> <w type="NN">assistance</w> <w type="NN">program</w> <c type="pct">''</c> <c type="pct">,</c> <w type="AT">the</w> <w type="NN">jury</w> <w type="VBD">said</w> <c type="pct">,</c> <w type="CC">but</w> <w type="AT">the</w> <w type="NN" subtype="TL">State</w> <w type="NN" subtype="TL">Welfare</w> <w type="NN" subtype="TL">Department</w> <c type="pct">``</c> <w type="HVZ">has</w> <w type="VBN">seen</w> <w type="JJ">fit</w> <w type="TO">to</w> <w type="VB">distribute</w> <w type="DTS">these</w> <w type="NNS">funds</w> <w type="IN">through</w> <w type="AT">the</w> <w type="NN">welfare</w> <w type="NNS">departments</w> <w type="IN">of</w> <w type="ABN">all</w> <w type="AT">the</w> <w type="NNS">counties</w> <w type="IN">in</w> <w type="AT">the</w> <w type="NN">state</w> <w type="IN">with</w> <w type="AT">the</w> <w type="NN">exception</w> <w type="IN">of</w> <w type="NP" subtype="TL">Fulton</w> <w type="NN" subtype="TL">County</w> <c type="pct">,</c> <w type="WDT">which</w> <w type="VBZ">receives</w> <w type="PN">none</w> <w type="IN">of</w> <w type="DT">this</w> <w type="NN">money</w> <c type="pct">.</c> </s>
</p>
<p><s n="16"><w type="AT">The</w> <w type="NNS">jurors</w> <w type="VBD">said</w> <w type="PPSS">they</w> <w type="VB">realize</w> <c type="pct">``</c> <w type="AT">a</w> <w type="JJ">proportionate</w> <w type="NN">distribution</w> <w type="IN">of</w> <w type="DTS">these</w> <w type="NNS">funds</w> <w type="MD">might</w> <w type="VB">disable</w> <w type="DT">this</w> <w type="NN">program</w> <w type="IN">in</w> <w type="PPg">our</w> <w type="QL">less</w> <w type="JJ">populous</w> <w type="NNS">counties</w> <c type="pct">''</c> <c type="pct">.</c> </s>
</p>
<p><s n="17"><w type="RB">Nevertheless</w> <c type="pct">,</c> <c type="pct">``</c> <w type="PPSS">we</w> <w type="VB">feel</w> <w type="CS">that</w> <w type="IN">in</w> <w type="AT">the</w> <w type="NN">future</w> <w type="NP" subtype="TL">Fulton</w> <w type="NN" subtype="TL">County</w> <w type="MD">should</w> <w type="VB">receive</w> <w type="DTI">some</w> <w type="NN">portion</w> <w type="IN">of</w> <w type="DTS">these</w> <w type="JJ">available</w> <w type="NNS">funds</w> <c type="pct">''</c> <c type="pct">,</c> <w type="AT">the</w> <w type="NNS">jurors</w> <w type="VBD">said</w> <c type="pct">.</c> </s>
<s n="18"><c type="pct">``</c> <w type="NN">Failure</w> <w type="TO">to</w> <w type="DO">do</w> <w type="DT">this</w> <w type="MD">will</w> <w type="VB">continue</w> <w type="TO">to</w> <w type="VB">place</w> <w type="AT">a</w> <w type="JJ">disproportionate</w> <w type="NN">burden</w> <c type="pct">''</c> <w type="IN">on</w> <w type="NP">Fulton</w> <w type="NNS">taxpayers</w> <c type="pct">.</c> </s>
</p>
<p><s n="19"><w type="AT">The</w> <w type="NN">jury</w> <w type="RB">also</w> <w type="VBD">commented</w> <w type="IN">on</w> <w type="AT">the</w> <w type="NP">Fulton</w> <w type="NNg">ordinary's</w> <w type="NN">court</w> <w type="WDT">which</w> <w type="HVZ">has</w> <w type="BEN">been</w> <w type="IN">under</w> <w type="NN">fire</w> <w type="IN">for</w> <w type="PPg">its</w> <w type="NNS">practices</w> <w type="IN">in</w> <w type="AT">the</w> <w type="NN">appointment</w> <w type="IN">of</w> <w type="NNS">appraisers</w> <c type="pct">,</c> <w type="NNS">guardians</w> <w type="CC">and</w> <w type="NNS">administrators</w> <w type="CC">and</w> <w type="AT">the</w> <w type="NN">awarding</w> <w type="IN">of</w> <w type="NNS">fees</w> <w type="CC">and</w> <w type="NN">compensation</w> <c type="pct">.</c> </s>
</p>
<p><s n="20"><w type="NNS" subtype="HL">Wards</w> <w type="VBN" subtype="HL">protected</w> </s>
<s n="21"><w type="AT">The</w> <w type="NN">jury</w> <w type="VBD">said</w> <w type="PPS">it</w> <w type="VBD">found</w> <w type="AT">the</w> <w type="NN">court</w> <c type="pct">``</c> <w type="HVZ">has</w> <w type="VBN">incorporated</w> <w type="IN">into</w> <w type="PPg">its</w> <w type="VBG">operating</w> <w type="NNS">procedures</w> <w type="AT">the</w> <w type="NNS">recommendations</w> <c type="pct">''</c> <w type="IN">of</w> <w type="CD">two</w> <w type="JJ">previous</w> <w type="JJ">grand</w> <w type="NNS">juries</w> <c type="pct">,</c> <w type="AT">the</w> <w type="NP" subtype="TL">Atlanta</w> <w type="NN" subtype="TL">Bar</w> <w type="NN" subtype="TL">Association</w> <w type="CC">and</w> <w type="AT">an</w> <w type="NN">interim</w> <w type="NNS">citizens</w> <w type="NN">committee</w> <c type="pct">.</c> </s>
</p>
<p><s n="22"><c type="pct">``</c> <w type="DTS">These</w> <w type="NNS">actions</w> <w type="MD">should</w> <w type="VB">serve</w> <w type="TO">to</w> <w type="VB">protect</w> <w type="IN">in</w> <w type="NN">fact</w> <w type="CC">and</w> <w type="IN">in</w> <w type="NN">effect</w> <w type="AT">the</w> <w type="NNg">court's</w> <w type="NNS">wards</w> <w type="IN">from</w> <w type="JJ">undue</w> <w type="NNS">costs</w> <w type="CC">and</w> <w type="PPg">its</w> <w type="VBN">appointed</w> <w type="CC">and</w> <w type="VBN">elected</w> <w type="NNS">servants</w> <w type="IN">from</w> <w type="JJ">unmeritorious</w> <w type="NNS">criticisms</w> <c type="pct">''</c> <c type="pct">,</c> <w type="AT">the</w> <w type="NN">jury</w> <w type="VBD">said</w> <c type="pct">.</c> </s>
</p>
<p><s n="23"><w type="IN">Regarding</w> <w type="NPg">Atlanta's</w> <w type="JJ">new</w> <w type="JJ">multi-million-dollar</w> <w type="NN">airport</w> <c type="pct">,</c> <w type="AT">the</w> <w type="NN">jury</w> <w type="VBD">recommended</w> <c type="pct">``</c> <w type="CS">that</w> <w type="WRB">when</w> <w type="AT">the</w> <w type="JJ">new</w> <w type="NN">management</w> <w type="VBZ">takes</w> <w type="NN">charge</w> <w type="NP">Jan.</w> <w type="CD">1</w> <w type="AT">the</w> <w type="NN">airport</w> <w type="BE">be</w> <w type="VBN">operated</w> <w type="IN">in</w> <w type="AT">a</w> <w type="NN">manner</w> <w type="WPS">that</w> <w type="MD">will</w> <w type="VB">eliminate</w> <w type="JJ">political</w> <w type="NNS">influences</w> <c type="pct">''</c> <c type="pct">.</c> </s>
</p>
<p><s n="24"><w type="AT">The</w> <w type="NN">jury</w> <w type="DOD">did</w> <w type="NEG">not</w> <w type="VB">elaborate</w> <c type="pct">,</c> <w type="CC">but</w> <w type="PPS">it</w> <w type="VBD">added</w> <w type="CS">that</w> <c type="pct">``</c> <w type="EX">there</w> <w type="MD">should</w> <w type="BE">be</w> <w type="JJ">periodic</w> <w type="NN">surveillance</w> <w type="IN">of</w> <w type="AT">the</w> <w type="VBG">pricing</w> <w type="NNS">practices</w> <w type="IN">of</w> <w type="AT">the</w> <w type="NNS">concessionaires</w> <w type="IN">for</w> <w type="AT">the</w> <w type="NN">purpose</w> <w type="IN">of</w> <w type="VBG">keeping</w> <w type="AT">the</w> <w type="NNS">prices</w> <w type="JJ">reasonable</w> <c type="pct">''</c> <c type="pct">.</c> </s>
</p>
<p><s n="25"><w type="VB" subtype="HL">Ask</w> <w type="NN" subtype="HL">jail</w> <w type="NNS" subtype="HL">deputies</w> </s>
<s n="26"><w type="IN">On</w> <w type="AP">other</w> <w type="NNS">matters</w> <c type="pct">,</c> <w type="AT">the</w> <w type="NN">jury</w> <w type="VBD">recommended</w> <w type="CS">that</w> <c type="pct">:</c> <c type="pct">(</c> <w type="CD">1</w> <c type="pct">)</c> </s>
<s n="27"><w type="CD">Four</w> <w type="JJ">additional</w> <w type="NNS">deputies</w> <w type="BE">be</w> <w type="VBN">employed</w> <w type="IN">at</w> <w type="AT">the</w> <w type="NP" subtype="TL">Fulton</w> <w type="NN" subtype="TL">County</w> <w type="NN" subtype="TL">Jail</w> <w type="CC">and</w> <c type="pct">``</c> <w type="AT">a</w> <w type="NN">doctor</w> <c type="pct">,</c> <w type="JJ">medical</w> <w type="NN">intern</w> <w type="CC">or</w> <w type="NN">extern</w> <w type="BE">be</w> <w type="VBN">employed</w> <w type="IN">for</w> <w type="NN">night</w> <w type="CC">and</w> <w type="NN">weekend</w> <w type="NN">duty</w> <w type="IN">at</w> <w type="AT">the</w> <w type="NN">jail</w> <c type="pct">''</c> <c type="pct">.</c> </s>
<s n="28"><c type="pct">(</c> <w type="CD">2</w> <c type="pct">)</c> </s>
<s n="29"><w type="NP">Fulton</w> <w type="NNS">legislators</w> <c type="pct">``</c> <w type="VB">work</w> <w type="IN">with</w> <w type="NN">city</w> <w type="NNS">officials</w> <w type="TO">to</w> <w type="VB">pass</w> <w type="VBG">enabling</w> <w type="NN">legislation</w> <w type="WPS">that</w> <w type="MD">will</w> <w type="VB">permit</w> <w type="AT">the</w> <w type="NN">establishment</w> <w type="IN">of</w> <w type="AT">a</w> <w type="JJ">fair</w> <w type="CC">and</w> <w type="JJ">equitable</w> <c type="pct">''</c> <w type="NN">pension</w> <w type="NN">plan</w> <w type="IN">for</w> <w type="NN">city</w> <w type="NNS">employes</w> <c type="pct">.</c> </s>
</p>
<p><s n="30"><w type="AT">The</w> <w type="NN">jury</w> <w type="VBD">praised</w> <w type="AT">the</w> <w type="NN">administration</w> <w type="CC">and</w> <w type="NN">operation</w> <w type="IN">of</w> <w type="AT">the</w> <w type="NP" subtype="TL">Atlanta</w> <w type="NNS" subtype="TL">Police</w> <w type="NN" subtype="TL">Department</w> <c type="pct">,</c> <w type="AT">the</w> <w type="NP" subtype="TL">Fulton</w> <w type="NN" subtype="TL">Tax</w> <w type="NNg" subtype="TL">Commissioner's</w> <w type="NN" subtype="TL">Office</w> <c type="pct">,</c> <w type="AT">the</w> <w type="NP">Bellwood</w> <w type="CC">and</w> <w type="NP">Alpharetta</w> <w type="NN">prison</w> <w type="NNS">farms</w> <c type="pct">,</c> <w type="NP" subtype="TL">Grady</w> <w type="NN" subtype="TL">Hospital</w> <w type="CC">and</w> <w type="AT">the</w> <w type="NP" subtype="TL">Fulton</w> <w type="NN" subtype="TL">Health</w> <w type="NN" subtype="TL">Department</w> <c type="pct">.</c> </s>
</p>
<p><s n="31"><w type="NN" subtype="TL">Mayor</w> <w type="NP">William</w> <w type="NP">B.</w> <w type="NP">Hartsfield</w> <w type="VBD">filed</w> <w type="NN">suit</w> <w type="IN">for</w> <w type="NN">divorce</w> <w type="IN">from</w> <w type="PPg">his</w> <w type="NN">wife</w> <c type="pct">,</c> <w type="NP">Pearl</w> <w type="NP">Williams</w> <w type="NP">Hartsfield</w> <c type="pct">,</c> <w type="IN">in</w> <w type="NP" subtype="TL">Fulton</w> <w type="JJ" subtype="TL">Superior</w> <w type="NN" subtype="TL">Court</w> <w type="NR">Friday</w> <c type="pct">.</c> </s>
<s n="32"><w type="PPg">His</w> <w type="NN">petition</w> <w type="VBD">charged</w> <w type="JJ">mental</w> <w type="NN">cruelty</w> <c type="pct">.</c> </s>
</p>
<p><s n="33"><w type="AT">The</w> <w type="NN">couple</w> <w type="BEDZ">was</w> <w type="VBN">married</w> <w type="NP">Aug.</w> <w type="CD">2</w> <c type="pct">,</c> <w type="CD">1913</w> <c type="pct">.</c> </s>
<s n="34"><w type="PPSS">They</w> <w type="HV">have</w> <w type="AT">a</w> <w type="NN">son</w> <c type="pct">,</c> <w type="NP">William</w> <w type="NP">Berry</w> <w type="NP">Jr.</w> <c type="pct">,</c> <w type="CC">and</w> <w type="AT">a</w> <w type="NN">daughter</w> <c type="pct">,</c> <w type="NP">Mrs.</w> <w type="NP">J.</w> <w type="NP">M.</w> <w type="NP">Cheshire</w> <w type="IN">of</w> <w type="NP">Griffin</w> <c type="pct">.</c> </s>
</p>
<p><s n="35"><w type="NNS">Attorneys</w> <w type="IN">for</w> <w type="AT">the</w> <w type="NN">mayor</w> <w type="VBD">said</w> <w type="CS">that</w> <w type="AT">an</w> <w type="JJ">amicable</w> <w type="NN">property</w> <w type="NN">settlement</w> <w type="HVZ">has</w> <w type="BEN">been</w> <w type="VBN">agreed</w> <w type="RB">upon</w> <c type="pct">.</c> </s>
</p>
<p><s n="36"><w type="AT">The</w> <w type="NN">petition</w> <w type="VBD">listed</w> <w type="AT">the</w> <w type="NNg">mayor's</w> <w type="NN">occupation</w> <w type="CS">as</w> <c type="pct">``</c> <w type="NN">attorney</w> <c type="pct">''</c> <w type="CC">and</w> <w type="PPg">his</w> <w type="NN">age</w> <w type="CS">as</w> <w type="CD">71</w> <c type="pct">.</c> </s>
<s n="37"><w type="PPS">It</w> <w type="VBD">listed</w> <w type="PPg">his</w> <w type="NNg">wife's</w> <w type="NN">age</w> <w type="CS">as</w> <w type="CD">74</w> <w type="CC">and</w> <w type="NN">place</w> <w type="IN">of</w> <w type="NN">birth</w> <w type="CS">as</w> <w type="NP">Opelika</w> <c type="pct">,</c> <w type="NP">Ala.</w> <c type="pct">.</c> </s>
</p>
<p><s n="38"><w type="AT">The</w> <w type="NN">petition</w> <w type="VBD">said</w> <w type="CS">that</w> <w type="AT">the</w> <w type="NN">couple</w> <w type="HVZ">has</w> <w type="NEG">not</w> <w type="VBN">lived</w> <w type="RB">together</w> <w type="CS">as</w> <w type="NN">man</w> <w type="CC">and</w> <w type="NN">wife</w> <w type="IN">for</w> <w type="AP">more</w> <w type="IN">than</w> <w type="AT">a</w> <w type="NN">year</w> <c type="pct">.</c> </s>
</p>
<p><s n="39"><w type="AT">The</w> <w type="NP">Hartsfield</w> <w type="NR">home</w> <w type="BEZ">is</w> <w type="IN">at</w> <w type="CD">637</w> <w type="NP">E.</w> <w type="NP">Pelham</w> <w type="NN" subtype="TL">Rd.</w> <w type="NN">Aj</w> <c type="pct">.</c> </s>
</p>
<p><s n="40"><w type="NP">Henry</w> <w type="NP">L.</w> <w type="NP">Bowden</w> <w type="BEDZ">was</w> <w type="VBN">listed</w> <w type="IN">on</w> <w type="AT">the</w> <w type="NN">petition</w> <w type="CS">as</w> <w type="AT">the</w> <w type="NNg">mayor's</w> <w type="NN">attorney</w> <c type="pct">.</c> </s>
</p>
<p><s n="41"><w type="NP">Hartsfield</w> <w type="HVZ">has</w> <w type="BEN">been</w> <w type="NN">mayor</w> <w type="IN">of</w> <w type="NP">Atlanta</w> <c type="pct">,</c> <w type="IN">with</w> <w type="NN">exception</w> <w type="IN">of</w> <w type="CD">one</w> <w type="JJ">brief</w> <w type="NN">interlude</w> <c type="pct">,</c> <w type="IN">since</w> <w type="CD">1937</w> <c type="pct">.</c> </s>
<s n="42"><w type="PPg">His</w> <w type="JJ">political</w> <w type="NN">career</w> <w type="VBZ">goes</w> <w type="RB">back</w> <w type="IN">to</w> <w type="PPg">his</w> <w type="NN">election</w> <w type="IN">to</w> <w type="NN">city</w> <w type="NN">council</w> <w type="IN">in</w> <w type="CD">1923</w> <c type="pct">.</c> </s>
</p>
<p><s n="43"><w type="AT">The</w> <w type="NNg">mayor's</w> <w type="JJ">present</w> <w type="NN">term</w> <w type="IN">of</w> <w type="NN">office</w> <w type="VBZ">expires</w> <w type="NP">Jan.</w> <w type="CD">1</w> <c type="pct">.</c> </s>
<s n="44"><w type="PPS">He</w> <w type="MD">will</w> <w type="BE">be</w> <w type="VBN">succeeded</w> <w type="IN">by</w> <w type="NP">Ivan</w> <w type="NP">Allen</w> <w type="NP">Jr.</w> <c type="pct">,</c> <w type="WPS">who</w> <w type="VBD">became</w> <w type="AT">a</w> <w type="NN">candidate</w> <w type="IN">in</w> <w type="AT">the</w> <w type="NP">Sept.</w> <w type="CD">13</w> <w type="NN">primary</w> <w type="CS">after</w> <w type="NN" subtype="TL">Mayor</w> <w type="NP">Hartsfield</w> <w type="VBD">announced</w> <w type="CS">that</w> <w type="PPS">he</w> <w type="MD">would</w> <w type="NEG">not</w> <w type="VB">run</w> <w type="IN">for</w> <w type="NN">reelection</w> <c type="pct">.</c> </s>
</p>
<p><s n="45"><w type="NP">Georgia</w> <w type="NPS">Republicans</w> <w type="BER">are</w> <w type="VBG">getting</w> <w type="JJ">strong</w> <w type="NN">encouragement</w> <w type="TO">to</w> <w type="VB">enter</w> <w type="AT">a</w> <w type="NN">candidate</w> <w type="IN">in</w> <w type="AT">the</w> <w type="CD">1962</w> <w type="NNg">governor's</w> <w type="NN">race</w> <c type="pct">,</c> <w type="AT">a</w> <w type="JJS">top</w> <w type="NN">official</w> <w type="VBD">said</w> <w type="NR">Wednesday</w> <c type="pct">.</c> </s>
</p>
<p><s n="46"><w type="NP">Robert</w> <w type="NP">Snodgrass</w> <c type="pct">,</c> <w type="NN">state</w> <w type="NN">GOP</w> <w type="NN">chairman</w> <c type="pct">,</c> <w type="VBD">said</w> <w type="AT">a</w> <w type="NN">meeting</w> <w type="VBN">held</w> <w type="NR">Tuesday</w> <w type="NN">night</w> <w type="IN">in</w> <w type="JJ" subtype="TL">Blue</w> <w type="NN" subtype="TL">Ridge</w> <w type="VBD">brought</w> <w type="JJ">enthusiastic</w> <w type="NNS">responses</w> <w type="IN">from</w> <w type="AT">the</w> <w type="NN">audience</w> <c type="pct">.</c> </s>
</p>
<p><s n="47"><w type="NN" subtype="TL">State</w> <w type="NN" subtype="TL">Party</w> <w type="NN" subtype="TL">Chairman</w> <w type="NP">James</w> <w type="NP">W.</w> <w type="NP">Dorsey</w> <w type="VBD">added</w> <w type="CS">that</w> <w type="NN">enthusiasm</w> <w type="BEDZ">was</w> <w type="VBG">picking</w> <w type="RP">up</w> <w type="IN">for</w> <w type="AT">a</w> <w type="NN">state</w> <w type="NN">rally</w> <w type="TO">to</w> <w type="BE">be</w> <w type="VBN">held</w> <w type="NP">Sept.</w> <w type="CD">8</w> <w type="IN">in</w> <w type="NP">Savannah</w> <w type="IN">at</w> <w type="WDT">which</w> <w type="RB">newly</w> <w type="VBN">elected</w> <w type="NP">Texas</w> <w type="NN" subtype="TL">Sen.</w> <w type="NP">John</w> <w type="NP">Tower</w> <w type="MD">will</w> <w type="BE">be</w> <w type="AT">the</w> <w type="VBN">featured</w> <w type="NN">speaker</w> <c type="pct">.</c> </s>
</p>
<p><s n="48"><w type="IN">In</w> <w type="AT">the</w> <w type="JJ" subtype="TL">Blue</w> <w type="NN" subtype="TL">Ridge</w> <w type="NN">meeting</w> <c type="pct">,</c> <w type="AT">the</w> <w type="NN">audience</w> <w type="BEDZ">was</w> <w type="VBN">warned</w> <w type="CS">that</w> <w type="VBG">entering</w> <w type="AT">a</w> <w type="NN">candidate</w> <w type="IN">for</w> <w type="NN">governor</w> <w type="MD">would</w> <w type="VB">force</w> <w type="PPO">it</w> <w type="TO">to</w> <w type="VB">take</w> <w type="NNS">petitions</w> <w type="RP">out</w> <w type="IN">into</w> <w type="VBG">voting</w> <w type="NNS">precincts</w> <w type="TO">to</w> <w type="VB">obtain</w> <w type="AT">the</w> <w type="NNS">signatures</w> <w type="IN">of</w> <w type="VBN">registered</w> <w type="NNS">voters</w> <c type="pct">.</c> </s>
</p>
<p><s n="49"><w type="IN">Despite</w> <w type="AT">the</w> <w type="VBG">warning</w> <c type="pct">,</c> <w type="EX">there</w> <w type="BEDZ">was</w> <w type="AT">a</w> <w type="JJ">unanimous</w> <w type="NN">vote</w> <w type="TO">to</w> <w type="VB">enter</w> <w type="AT">a</w> <w type="NN">candidate</w> <c type="pct">,</c> <w type="IN">according</w> <w type="IN">to</w> <w type="NPS">Republicans</w> <w type="WPS">who</w> <w type="VBD">attended</w> <c type="pct">.</c> </s>
</p>
<p><s n="50"><w type="WRB">When</w> <w type="AT">the</w> <w type="NN">crowd</w> <w type="BEDZ">was</w> <w type="VBN">asked</w> <w type="CS">whether</w> <w type="PPS">it</w> <w type="VBD">wanted</w> <w type="TO">to</w> <w type="VB">wait</w> <w type="CD">one</w> <w type="AP">more</w> <w type="NN">term</w> <w type="TO">to</w> <w type="VB">make</w> <w type="AT">the</w> <w type="NN">race</w> <c type="pct">,</c> <w type="PPS">it</w> <w type="VBD">voted</w> <w type="RB">no</w> <c type="pct">--</c> <w type="CC">and</w> <w type="EX">there</w> <w type="BED">were</w> <w type="AT">no</w> <w type="NNS">dissents</w> <c type="pct">.</c> </s>
</p>
<p><s n="51"><w type="AT">The</w> <w type="JJT">largest</w> <w type="NN">hurdle</w> <w type="AT">the</w> <w type="NPS">Republicans</w> <w type="MD">would</w> <w type="HV">have</w> <w type="TO">to</w> <w type="VB">face</w> <w type="BEZ">is</w> <w type="AT">a</w> <w type="NN">state</w> <w type="NN">law</w> <w type="WDT">which</w> <w type="VBZ">says</w> <w type="CS">that</w> <w type="CS">before</w> <w type="VBG">making</w> <w type="AT">a</w> <w type="OD">first</w> <w type="NN">race</w> <c type="pct">,</c> <w type="CD">one</w> <w type="IN">of</w> <w type="CD">two</w> <w type="JJ">alternative</w> <w type="NNS">courses</w> <w type="MD">must</w> <w type="BE">be</w> <w type="VBN">taken</w> <c type="pct">:</c> <w type="CD">1</w> </s>
<s n="52"><w type="CD">Five</w> <w type="IN">per</w> <w type="NN">cent</w> <w type="IN">of</w> <w type="AT">the</w> <w type="NNS">voters</w> <w type="IN">in</w> <w type="DT">each</w> <w type="NN">county</w> <w type="MD">must</w> <w type="VB">sign</w> <w type="NNS">petitions</w> <w type="VBG">requesting</w> <w type="CS">that</w> <w type="AT">the</w> <w type="NPS">Republicans</w> <w type="BE">be</w> <w type="VBN">allowed</w> <w type="TO">to</w> <w type="VB">place</w> <w type="NNS">names</w> <w type="IN">of</w> <w type="NNS">candidates</w> <w type="IN">on</w> <w type="AT">the</w> <w type="JJ">general</w> <w type="NN">election</w> <w type="NN">ballot</w> <c type="pct">,</c> <w type="CC">or</w> <w type="CD">2</w> </s>
<s n="53"><w type="AT">The</w> <w type="NPS">Republicans</w> <w type="MD">must</w> <w type="VB">hold</w> <w type="AT">a</w> <w type="NN">primary</w> <w type="IN">under</w> <w type="AT">the</w> <w type="NN">county</w> <w type="NN">unit</w> <w type="NN">system</w> <c type="pct">--</c> <w type="AT">a</w> <w type="NN">system</w> <w type="WDT">which</w> <w type="AT">the</w> <w type="NN">party</w> <w type="VBZ">opposes</w> <w type="IN">in</w> <w type="PPg">its</w> <w type="NN">platform</w> <c type="pct">.</c> </s>
</p>
<p><s n="54"><w type="NP">Sam</w> <w type="NP">Caldwell</w> <c type="pct">,</c> <w type="NN" subtype="TL">State</w> <w type="NN" subtype="TL">Highway</w> <w type="NN" subtype="TL">Department</w> <w type="JJ">public</w> <w type="NNS">relations</w> <w type="NN">director</w> <c type="pct">,</c> <w type="VBD">resigned</w> <w type="NR">Tuesday</w> <w type="TO">to</w> <w type="VB">work</w> <w type="IN">for</w> <w type="NN" subtype="TL">Lt.</w> <w type="NN" subtype="TL">Gov.</w> <w type="NP">Garland</w> <w type="NPg">Byrd's</w> <w type="NN">campaign</w> <c type="pct">.</c> </s>
</p>
<p><s n="55"><w type="NPg">Caldwell's</w> <w type="NN">resignation</w> <w type="HVD">had</w> <w type="BEN">been</w> <w type="VBN">expected</w> <w type="IN">for</w> <w type="DTI">some</w> <w type="NN">time</w> <c type="pct">.</c> </s>
<s n="56"><w type="PPS">He</w> <w type="MD">will</w> <w type="BE">be</w> <w type="VBN">succeeded</w> <w type="IN">by</w> <w type="NP">Rob</w> <w type="NP">Ledford</w> <w type="IN">of</w> <w type="NP">Gainesville</w> <c type="pct">,</c> <w type="WPS">who</w> <w type="HVZ">has</w> <w type="BEN">been</w> <w type="AT">an</w> <w type="NN">assistant</w> <w type="AP">more</w> <w type="IN">than</w> <w type="CD">three</w> <w type="NNS">years</w> <c type="pct">.</c> </s>
<s n="57"><w type="WRB">When</w> <w type="AT">the</w> <w type="JJ">gubernatorial</w> <w type="NN">campaign</w> <w type="VBZ">starts</w> <c type="pct">,</c> <w type="NP">Caldwell</w> <w type="BEZ">is</w> <w type="VBN">expected</w> <w type="TO">to</w> <w type="VB">become</w> <w type="AT">a</w> <w type="NN">campaign</w> <w type="NN">coordinator</w> <w type="IN">for</w> <w type="NP">Byrd</w> <c type="pct">.</c> </s>
</p>
<p><s n="58"><w type="AT">The</w> <w type="NP" subtype="TL">Georgia</w> <w type="NN" subtype="TL">Legislature</w> <w type="MD">will</w> <w type="VB">wind</w> <w type="RP">up</w> <w type="PPg">its</w> <w type="CD">1961</w> <w type="NN">session</w> <w type="NR">Monday</w> <w type="CC">and</w> <w type="VB">head</w> <w type="IN">for</w> <w type="NR">home</w> <c type="pct">--</c> <w type="WRB">where</w> <w type="DTI">some</w> <w type="IN">of</w> <w type="AT">the</w> <w type="NN">highway</w> <w type="NN">bond</w> <w type="NN">money</w> <w type="PPS">it</w> <w type="VBD">approved</w> <w type="MD">will</w> <w type="VB">follow</w> <w type="RB">shortly</w> <c type="pct">.</c> </s>
</p>
<p><s n="59"><w type="IN">Before</w> <w type="NN">adjournment</w> <w type="NR">Monday</w> <w type="NN">afternoon</w> <c type="pct">,</c> <w type="AT">the</w> <w type="NN" subtype="TL">Senate</w> <w type="BEZ">is</w> <w type="VBN">expected</w> <w type="TO">to</w> <w type="VB">approve</w> <w type="AT">a</w> <w type="NN">study</w> <w type="IN">of</w> <w type="AT">the</w> <w type="NN">number</w> <w type="IN">of</w> <w type="NNS">legislators</w> <w type="VBN">allotted</w> <w type="IN">to</w> <w type="JJ">rural</w> <w type="CC">and</w> <w type="JJ">urban</w> <w type="NNS">areas</w> <w type="TO">to</w> <w type="VB">determine</w> <w type="WDT">what</w> <w type="NNS">adjustments</w> <w type="MD">should</w> <w type="BE">be</w> <w type="VBN">made</w> <c type="pct">.</c> </s>
</p>
<p><s n="60"><w type="NN" subtype="TL">Gov.</w> <w type="NP">Vandiver</w> <w type="BEZ">is</w> <w type="VBN">expected</w> <w type="TO">to</w> <w type="VB">make</w> <w type="AT">the</w> <w type="JJ">traditional</w> <w type="NN">visit</w> <w type="IN">to</w> <w type="ABX">both</w> <w type="NNS">chambers</w> <w type="CS">as</w> <w type="PPSS">they</w> <w type="VB">work</w> <w type="IN">toward</w> <w type="NN">adjournment</w> <c type="pct">.</c> </s>
<s n="61"><w type="NP">Vandiver</w> <w type="RB">likely</w> <w type="MD">will</w> <w type="VB">mention</w> <w type="AT">the</w> <w type="NNS">$100</w> <w type="CD">million</w> <w type="NN">highway</w> <w type="NN">bond</w> <w type="NN">issue</w> <w type="VBN">approved</w> <w type="RBR">earlier</w> <w type="IN">in</w> <w type="AT">the</w> <w type="NN">session</w> <w type="CS">as</w> <w type="PPg">his</w> <w type="OD">first</w> <w type="NN">priority</w> <w type="NN">item</w> <c type="pct">.</c> </s>
</p>
<p><s n="62"><w type="NN" subtype="HL">Construction</w> <w type="NNS" subtype="HL">bonds</w> </s>
<s n="63"><w type="RB">Meanwhile</w> <c type="pct">,</c> <w type="PPS">it</w> <w type="BEDZ">was</w> <w type="VBN">learned</w> <w type="AT">the</w> <w type="NN" subtype="TL">State</w> <w type="NN" subtype="TL">Highway</w> <w type="NN" subtype="TL">Department</w> <w type="BEZ">is</w> <w type="QL">very</w> <w type="RB">near</w> <w type="BEG">being</w> <w type="JJ">ready</w> <w type="TO">to</w> <w type="VB">issue</w> <w type="AT">the</w> <w type="OD">first</w> <w type="NNS">$30</w> <w type="CD">million</w> <w type="NN">worth</w> <w type="IN">of</w> <w type="NN">highway</w> <w type="NN">reconstruction</w> <w type="NNS">bonds</w> <c type="pct">.</c> </s>
</p>
<p><s n="64"><w type="AT">The</w> <w type="NN">bond</w> <w type="NN">issue</w> <w type="MD">will</w> <w type="VB">go</w> <w type="IN">to</w> <w type="AT">the</w> <w type="NN">state</w> <w type="NNS">courts</w> <w type="IN">for</w> <w type="AT">a</w> <w type="JJ">friendly</w> <w type="NN">test</w> <w type="NN">suit</w> <w type="TO">to</w> <w type="VB">test</w> <w type="AT">the</w> <w type="NN">validity</w> <w type="IN">of</w> <w type="AT">the</w> <w type="NN">act</w> <c type="pct">,</c> <w type="CC">and</w> <w type="RB">then</w> <w type="AT">the</w> <w type="NNS">sales</w> <w type="MD">will</w> <w type="VB">begin</w> <w type="CC">and</w> <w type="NNS">contracts</w> <w type="VBN">let</w> <w type="IN">for</w> <w type="NN">repair</w> <w type="NN">work</w> <w type="IN">on</w> <w type="DTI">some</w> <w type="IN">of</w> <w type="NPg">Georgia's</w> <w type="QL">most</w> <w type="RB">heavily</w> <w type="VBN">traveled</w> <w type="NNS">highways</w> <c type="pct">.</c> </s>
</p>
<p><s n="65"><w type="AT">A</w> <w type="NN" subtype="TL">Highway</w> <w type="NN" subtype="TL">Department</w> <w type="NN">source</w> <w type="VBD">said</w> <w type="EX">there</w> <w type="RB">also</w> <w type="BEZ">is</w> <w type="AT">a</w> <w type="NN">plan</w> <w type="RB">there</w> <w type="TO">to</w> <w type="VB">issue</w> <w type="DTI">some</w> <w type="NNS">$3</w> <w type="CD">million</w> <w type="IN">to</w> <w type="NNS">$4</w> <w type="CD">million</w> <w type="NN">worth</w> <w type="IN">of</w> <w type="JJ" subtype="TL">Rural</w> <w type="NNS" subtype="TL">Roads</w> <w type="NN" subtype="TL">Authority</w> <w type="NNS">bonds</w> <w type="IN">for</w> <w type="JJ">rural</w> <w type="NN">road</w> <w type="NN">construction</w> <w type="NN">work</w> <c type="pct">.</c> </s>
</p>
<p><s n="66"><w type="AT" subtype="HL">A</w> <w type="VBG" subtype="HL">revolving</w> <w type="NN" subtype="HL">fund</w> </s>
<s n="67"><w type="AT">The</w> <w type="NN">department</w> <w type="RB">apparently</w> <w type="VBZ">intends</w> <w type="TO">to</w> <w type="VB">make</w> <w type="AT">the</w> <w type="JJ" subtype="TL">Rural</w> <w type="NNS" subtype="TL">Roads</w> <w type="NN" subtype="TL">Authority</w> <w type="AT">a</w> <w type="VBG">revolving</w> <w type="NN">fund</w> <w type="IN">under</w> <w type="WDT">which</w> <w type="JJ">new</w> <w type="NNS">bonds</w> <w type="MD">would</w> <w type="BE">be</w> <w type="VBN">issued</w> <w type="AT">every</w> <w type="NN">time</w> <w type="AT">a</w> <w type="NN">portion</w> <w type="IN">of</w> <w type="AT">the</w> <w type="JJ">old</w> <w type="NNS">ones</w> <w type="BER">are</w> <w type="VBN">paid</w> <w type="RP">off</w> <w type="IN">by</w> <w type="NN">tax</w> <w type="NNS">authorities</w> <c type="pct">.</c> </s>
</p>
<p><s n="68"><w type="NP">Vandiver</w> <w type="VBD">opened</w> <w type="PPg">his</w> <w type="NN">race</w> <w type="IN">for</w> <w type="NN">governor</w> <w type="IN">in</w> <w type="CD">1958</w> <w type="IN">with</w> <w type="AT">a</w> <w type="NN">battle</w> <w type="IN">in</w> <w type="AT">the</w> <w type="NN" subtype="TL">Legislature</w> <w type="IN">against</w> <w type="AT">the</w> <w type="NN">issuance</w> <w type="IN">of</w> <w type="NNS">$50</w> <w type="CD">million</w> <w type="NN">worth</w> <w type="IN">of</w> <w type="JJ">additional</w> <w type="JJ">rural</w> <w type="NNS">roads</w> <w type="NNS">bonds</w> <w type="VBN">proposed</w> <w type="IN">by</w> <w type="RB">then</w> <w type="NN" subtype="TL">Gov.</w> <w type="NP">Marvin</w> <w type="NP">Griffin</w> <c type="pct">.</c> </s>
</p>
<p><s n="69"><w type="AT">The</w> <w type="NN" subtype="TL">Highway</w> <w type="NN" subtype="TL">Department</w> <w type="NN">source</w> <w type="VBD">told</w> <w type="AT" subtype="TL">The</w> <w type="NN" subtype="TL">Constitution</w> <c type="pct">,</c> <w type="WRB">however</w> <c type="pct">,</c> <w type="CS">that</w> <w type="NP">Vandiver</w> <w type="HVZ">has</w> <w type="NEG">not</w> <w type="BEN">been</w> <w type="VBN">consulted</w> <w type="RB">yet</w> <w type="IN">about</w> <w type="AT">the</w> <w type="NNS">plans</w> <w type="TO">to</w> <w type="VB">issue</w> <w type="AT">the</w> <w type="JJ">new</w> <w type="JJ">rural</w> <w type="NNS">roads</w> <w type="NNS">bonds</w> <c type="pct">.</c> </s>
</p>
<p><s n="70"><w type="NP">Schley</w> <w type="NN" subtype="TL">County</w> <w type="NN" subtype="TL">Rep.</w> <w type="NP">B.</w> <w type="NP">D.</w> <w type="NP">Pelham</w> <w type="MD">will</w> <w type="VB">offer</w> <w type="AT">a</w> <w type="NN">resolution</w> <w type="NR">Monday</w> <w type="IN">in</w> <w type="AT">the</w> <w type="NN" subtype="TL">House</w> <w type="TO">to</w> <w type="VB">rescind</w> <w type="AT">the</w> <w type="NNg">body's</w> <w type="NN">action</w> <w type="IN">of</w> <w type="NR">Friday</w> <w type="IN">in</w> <w type="VBG">voting</w> <w type="PPL">itself</w> <w type="AT">a</w> <w type="NNS">$10</w> <w type="IN">per</w> <w type="NN">day</w> <w type="NN">increase</w> <w type="IN">in</w> <w type="NN">expense</w> <w type="NNS">allowances</w> <c type="pct">.</c> </s>
</p>
<p><s n="71"><w type="NP">Pelham</w> <w type="VBD">said</w> <w type="NR">Sunday</w> <w type="NN">night</w> <w type="EX">there</w> <w type="BEDZ">was</w> <w type="NN">research</w> <w type="BEG">being</w> <w type="VBN">done</w> <w type="IN">on</w> <w type="CS">whether</w> <w type="AT">the</w> <c type="pct">``</c> <w type="NN">quickie</w> <c type="pct">''</c> <w type="NN">vote</w> <w type="IN">on</w> <w type="AT">the</w> <w type="NN">increase</w> <w type="MD">can</w> <w type="BE">be</w> <w type="VBN">repealed</w> <w type="RB">outright</w> <w type="CC">or</w> <w type="CS">whether</w> <w type="NN">notice</w> <w type="MD">would</w> <w type="HV">have</w> <w type="TO">to</w> <w type="RB">first</w> <w type="BE">be</w> <w type="VBN">given</w> <w type="CS">that</w> <w type="NN">reconsideration</w> <w type="IN">of</w> <w type="AT">the</w> <w type="NN">action</w> <w type="MD">would</w> <w type="BE">be</w> <w type="VBN">sought</w> <c type="pct">.</c> </s>
</p>
<p><s n="72"><w type="CS">While</w> <w type="VBG">emphasizing</w> <w type="CS">that</w> <w type="JJ">technical</w> <w type="NNS">details</w> <w type="BED">were</w> <w type="NEG">not</w> <w type="RB">fully</w> <w type="VBN">worked</w> <w type="RP">out</w> <c type="pct">,</c> <w type="NP">Pelham</w> <w type="VBD">said</w> <w type="PPg">his</w> <w type="NN">resolution</w> <w type="MD">would</w> <w type="VB">seek</w> <w type="TO">to</w> <w type="VB">set</w> <w type="RB">aside</w> <w type="AT">the</w> <w type="NN">privilege</w> <w type="NN">resolution</w> <w type="WDT">which</w> <w type="AT">the</w> <w type="NN" subtype="TL">House</w> <w type="VBD">voted</w> <w type="IN">through</w> <w type="CD">87-31</w> <c type="pct">.</c> </s>
</p>
<p><s n="73"><w type="AT">A</w> <w type="JJ">similar</w> <w type="NN">resolution</w> <w type="VBD">passed</w> <w type="IN">in</w> <w type="AT">the</w> <w type="NN" subtype="TL">Senate</w> <w type="IN">by</w> <w type="AT">a</w> <w type="NN">vote</w> <w type="IN">of</w> <w type="CD">29-5</w> <c type="pct">.</c> </s>
<s n="74"><w type="IN">As</w> <w type="IN">of</w> <w type="NR">Sunday</w> <w type="NN">night</w> <c type="pct">,</c> <w type="EX">there</w> <w type="BEDZ">was</w> <w type="AT">no</w> <w type="NN">word</w> <w type="IN">of</w> <w type="AT">a</w> <w type="NN">resolution</w> <w type="BEG">being</w> <w type="VBN">offered</w> <w type="RB">there</w> <w type="TO">to</w> <w type="VB">rescind</w> <w type="AT">the</w> <w type="NN">action</w> <c type="pct">.</c> </s>
</p>
<p><s n="75"><w type="NP">Pelham</w> <w type="VBD">pointed</w> <w type="RP">out</w> <w type="CS">that</w> <w type="NP">Georgia</w> <w type="NNS">voters</w> <w type="AP">last</w> <w type="NP">November</w> <w type="VBD">rejected</w> <w type="AT">a</w> <w type="JJ">constitutional</w> <w type="NN">amendment</w> <w type="TO">to</w> <w type="VB">allow</w> <w type="NNS">legislators</w> <w type="TO">to</w> <w type="VB">vote</w> <w type="IN">on</w> <w type="NN">pay</w> <w type="NNS">raises</w> <w type="IN">for</w> <w type="JJ">future</w> <w type="NN" subtype="TL">Legislature</w> <w type="NNS">sessions</w> <c type="pct">.</c> </s>
</p>
<p><s n="76"><w type="AT">A</w> <w type="JJ">veteran</w> <w type="NP" subtype="TL">Jackson</w> <w type="NN" subtype="TL">County</w> <w type="NN">legislator</w> <w type="MD">will</w> <w type="VB">ask</w> <w type="AT">the</w> <w type="NP" subtype="TL">Georgia</w> <w type="NN" subtype="TL">House</w> <w type="NR">Monday</w> <w type="TO">to</w> <w type="VB">back</w> <w type="JJ">federal</w> <w type="NN">aid</w> <w type="IN">to</w> <w type="NN">education</w> <c type="pct">,</c> <w type="PN">something</w> <w type="PPS">it</w> <w type="HVZ">has</w> <w type="RB">consistently</w> <w type="VBN">opposed</w> <w type="IN">in</w> <w type="AT">the</w> <w type="NN">past</w> <c type="pct">.</c> </s>
</p>
<p><s n="77"><w type="NN" subtype="TL">Rep.</w> <w type="NP">Mac</w> <w type="NP">Barber</w> <w type="IN">of</w> <w type="NN" subtype="TL">Commerce</w> <w type="BEZ">is</w> <w type="VBG">asking</w> <w type="AT">the</w> <w type="NN" subtype="TL">House</w> <w type="IN">in</w> <w type="AT">a</w> <w type="NN">privilege</w> <w type="NN">resolution</w> <w type="TO">to</w> <c type="pct">``</c> <w type="VB">endorse</w> <w type="VBN">increased</w> <w type="JJ">federal</w> <w type="NN">support</w> <w type="IN">for</w> <w type="JJ">public</w> <w type="NN">education</w> <c type="pct">,</c> <w type="VBN">provided</w> <w type="CS">that</w> <w type="JJ">such</w> <w type="NNS">funds</w> <w type="BE">be</w> <w type="VBN">received</w> <w type="CC">and</w> <w type="VBN">expended</w> <c type="pct">''</c> <w type="CS">as</w> <w type="NN">state</w> <w type="NNS">funds</w> <c type="pct">.</c> </s>
</p>
<p><s n="78"><w type="NP">Barber</w> <c type="pct">,</c> <w type="WPS">who</w> <w type="BEZ">is</w> <w type="IN">in</w> <w type="PPg">his</w> <w type="OD">13th</w> <w type="NN">year</w> <w type="CS">as</w> <w type="AT">a</w> <w type="NN">legislator</w> <c type="pct">,</c> <w type="VBD">said</w> <w type="EX">there</w> <c type="pct">``</c> <w type="BER">are</w> <w type="DTI">some</w> <w type="NNS">members</w> <w type="IN">of</w> <w type="PPg">our</w> <w type="JJ">congressional</w> <w type="NN">delegation</w> <w type="IN">in</w> <w type="NP">Washington</w> <w type="WPS">who</w> <w type="MD">would</w> <w type="VB">like</w> <w type="TO">to</w> <w type="VB">see</w> <w type="PPO">it</w> <c type="pct">(</c> <w type="AT">the</w> <w type="NN">resolution</w> <c type="pct">)</c> <w type="VBN">passed</w> <c type="pct">''</c> <c type="pct">.</c> </s>
<s n="79"><w type="CC">But</w> <w type="PPS">he</w> <w type="VBD">added</w> <w type="CS">that</w> <w type="PN">none</w> <w type="IN">of</w> <w type="NPg">Georgia's</w> <w type="NNS">congressmen</w> <w type="RB">specifically</w> <w type="VBD">asked</w> <w type="PPO">him</w> <w type="TO">to</w> <w type="VB">offer</w> <w type="AT">the</w> <w type="NN">resolution</w> <c type="pct">.</c> </s>
</p>
<p><s n="80"><w type="AT">The</w> <w type="NN">resolution</w> <c type="pct">,</c> <w type="WDT">which</w> <w type="NP">Barber</w> <w type="VBD">tossed</w> <w type="IN">into</w> <w type="AT">the</w> <w type="NN" subtype="TL">House</w> <w type="NN">hopper</w> <w type="NR">Friday</w> <c type="pct">,</c> <w type="MD">will</w> <w type="BE">be</w> <w type="RB">formally</w> <w type="VBN">read</w> <w type="NR">Monday</w> <c type="pct">.</c> </s>
<s n="81"><w type="PPS">It</w> <w type="VBZ">says</w> <w type="CS">that</w> <c type="pct">``</c> <w type="IN">in</w> <w type="AT">the</w> <w type="NN">event</w> <w type="NP">Congress</w> <w type="DOZ">does</w> <w type="VB">provide</w> <w type="DT">this</w> <w type="NN">increase</w> <w type="IN">in</w> <w type="JJ">federal</w> <w type="NNS">funds</w> <c type="pct">''</c> <c type="pct">,</c> <w type="AT">the</w> <w type="NN" subtype="TL">State</w> <w type="NN" subtype="TL">Board</w> <w type="IN" subtype="TL">of</w> <w type="NN" subtype="TL">Education</w> <w type="MD">should</w> <w type="BE">be</w> <w type="VBN">directed</w> <w type="TO">to</w> <c type="pct">``</c> <w type="VB">give</w> <w type="NN">priority</w> <c type="pct">''</c> <w type="IN">to</w> <w type="NN">teacher</w> <w type="NN">pay</w> <w type="NNS">raises</w> <c type="pct">.</c> </s>
<s n="82"><w type="NP" subtype="HL">Colquitt</w> </s>
<s n="83"><c type="pct">--</c> <w type="IN">After</w> <w type="AT">a</w> <w type="JJ">long</w> <c type="pct">,</c> <w type="JJ">hot</w> <w type="NN">controversy</w> <c type="pct">,</c> <w type="NP" subtype="TL">Miller</w> <w type="NN" subtype="TL">County</w> <w type="HVZ">has</w> <w type="AT">a</w> <w type="JJ">new</w> <w type="NN">school</w> <w type="NN">superintendent</w> <c type="pct">,</c> <w type="VBN">elected</w> <c type="pct">,</c> <w type="CS">as</w> <w type="AT">a</w> <w type="NN">policeman</w> <w type="VBD">put</w> <w type="PPO">it</w> <c type="pct">,</c> <w type="IN">in</w> <w type="AT">the</w> <c type="pct">``</c> <w type="JJT">coolest</w> <w type="NN">election</w> <w type="PPSS">I</w> <w type="RB">ever</w> <w type="VBD">saw</w> <w type="IN">in</w> <w type="DT">this</w> <w type="NN">county</w> <c type="pct">''</c> <c type="pct">.</c> </s>
</p>
<p><s n="84"><w type="AT">The</w> <w type="JJ">new</w> <w type="NN">school</w> <w type="NN">superintendent</w> <w type="BEZ">is</w> <w type="NP">Harry</w> <w type="NP">Davis</w> <c type="pct">,</c> <w type="AT">a</w> <w type="JJ">veteran</w> <w type="NN">agriculture</w> <w type="NN">teacher</w> <c type="pct">,</c> <w type="WPS">who</w> <w type="VBD">defeated</w> <w type="NP">Felix</w> <w type="NP">Bush</w> <c type="pct">,</c> <w type="AT">a</w> <w type="NN">school</w> <w type="NN">principal</w> <w type="CC">and</w> <w type="NN">chairman</w> <w type="IN">of</w> <w type="AT">the</w> <w type="NP" subtype="TL">Miller</w> <w type="NN" subtype="TL">County</w> <w type="JJ" subtype="TL">Democratic</w> <w type="JJ" subtype="TL">Executive</w> <w type="NN" subtype="TL">Committee</w> <c type="pct">.</c> </s>
</p>
<p><s n="85"><w type="NP">Davis</w> <w type="VBD">received</w> <w type="CD">1,119</w> <w type="NNS">votes</w> <w type="IN">in</w> <w type="NRg">Saturday's</w> <w type="NN">election</w> <c type="pct">,</c> <w type="CC">and</w> <w type="NP">Bush</w> <w type="VBD">got</w> <w type="CD">402</w> <c type="pct">.</c> </s>
<s n="86"><w type="NN" subtype="TL">Ordinary</w> <w type="NP">Carey</w> <w type="NP">Williams</w> <c type="pct">,</c> <w type="VBN">armed</w> <w type="IN">with</w> <w type="AT">a</w> <w type="NN">pistol</w> <c type="pct">,</c> <w type="VBD">stood</w> <w type="IN">by</w> <w type="IN">at</w> <w type="AT">the</w> <w type="NNS">polls</w> <w type="TO">to</w> <w type="VB">insure</w> <w type="NN">order</w> <c type="pct">.</c> </s>
</p>
<p><s n="87"><c type="pct">``</c> <w type="DT">This</w> <w type="BEDZ">was</w> <w type="AT">the</w> <w type="JJT">coolest</w> <c type="pct">,</c> <w type="JJT">calmest</w> <w type="NN">election</w> <w type="PPSS">I</w> <w type="RB">ever</w> <w type="VBD">saw</w> <c type="pct">''</c> <c type="pct">,</c> <w type="NP" subtype="TL">Colquitt</w> <w type="NN" subtype="TL">Policeman</w> <w type="NP">Tom</w> <w type="NP">Williams</w> <w type="VBD">said</w> <c type="pct">.</c> </s>
<s n="88"><c type="pct">``</c> <w type="BEG">Being</w> <w type="IN">at</w> <w type="AT">the</w> <w type="NNS">polls</w> <w type="BEDZ">was</w> <w type="RB">just</w> <w type="CS">like</w> <w type="BEG">being</w> <w type="IN">at</w> <w type="NN">church</w> <c type="pct">.</c> </s>
<s n="89"><w type="PPSS">I</w> <mw pos="DOD *">didn't </mw><w type="VB">smell</w> <w type="AT">a</w> <w type="NN">drop</w> <w type="IN">of</w> <w type="NN">liquor</w> <c type="pct">,</c> <w type="CC">and</w> <w type="PPSS">we</w> <mw pos="DOD *">didn't </mw><w type="HV">have</w> <w type="AT">a</w> <w type="NN">bit</w> <w type="IN">of</w> <w type="NN">trouble</w> <c type="pct">''</c> <c type="pct">.</c> </s>
</p>
<p><s n="90"><w type="AT">The</w> <w type="NN">campaign</w> <w type="VBG">leading</w> <w type="IN">to</w> <w type="AT">the</w> <w type="NN">election</w> <w type="BEDZ">was</w> <w type="NEG">not</w> <w type="QL">so</w> <w type="JJ">quiet</w> <c type="pct">,</c> <w type="WRB">however</w> <c type="pct">.</c> </s>
<s n="91"><w type="PPS">It</w> <w type="BEDZ">was</w> <w type="VBN">marked</w> <w type="IN">by</w> <w type="NN">controversy</w> <c type="pct">,</c> <w type="JJ">anonymous</w> <w type="NN">midnight</w> <w type="NN">phone</w> <w type="NNS">calls</w> <w type="CC">and</w> <w type="VBN">veiled</w> <w type="NNS">threats</w> <w type="IN">of</w> <w type="NN">violence</w> <c type="pct">.</c> </s>
</p>
<p><s n="92"><w type="AT">The</w> <w type="AP">former</w> <w type="NN">county</w> <w type="NN">school</w> <w type="NN">superintendent</w> <c type="pct">,</c> <w type="NP">George</w> <w type="NP">P.</w> <w type="NP">Callan</w> <c type="pct">,</c> <w type="VBD">shot</w> <w type="PPL">himself</w> <w type="IN">to</w> <w type="NN">death</w> <w type="NP">March</w> <w type="CD">18</w> <c type="pct">,</c> <w type="CD">four</w> <w type="NNS">days</w> <w type="CS">after</w> <w type="PPS">he</w> <w type="VBD">resigned</w> <w type="PPg">his</w> <w type="NN">post</w> <w type="IN">in</w> <w type="AT">a</w> <w type="NN">dispute</w> <w type="IN">with</w> <w type="AT">the</w> <w type="NN">county</w> <w type="NN">school</w> <w type="NN">board</w> <c type="pct">.</c> </s>
</p>
<p><s n="93"><w type="IN">During</w> <w type="AT">the</w> <w type="NN">election</w> <w type="NN">campaign</w> <c type="pct">,</c> <w type="ABX">both</w> <w type="NNS">candidates</w> <c type="pct">,</c> <w type="NP">Davis</w> <w type="CC">and</w> <w type="NP">Bush</w> <c type="pct">,</c> <w type="RB">reportedly</w> <w type="VBD">received</w> <w type="JJ">anonymous</w> <w type="NN">telephone</w> <w type="NNS">calls</w> <c type="pct">.</c> </s>
<s n="94"><w type="NN" subtype="TL">Ordinary</w> <w type="NP">Williams</w> <w type="VBD">said</w> <w type="PPS">he</w> <c type="pct">,</c> <w type="RB">too</w> <c type="pct">,</c> <w type="BEDZ">was</w> <w type="VBN">subjected</w> <w type="IN">to</w> <w type="JJ">anonymous</w> <w type="NNS">calls</w> <w type="RB">soon</w> <w type="CS">after</w> <w type="PPS">he</w> <w type="VBD">scheduled</w> <w type="AT">the</w> <w type="NN">election</w> <c type="pct">.</c> </s>
</p>
<p><s n="95"><w type="AP">Many</w> <w type="JJ">local</w> <w type="NNS">citizens</w> <w type="VBD">feared</w> <w type="CS">that</w> <w type="EX">there</w> <w type="MD">would</w> <w type="BE">be</w> <w type="NNS">irregularities</w> <w type="IN">at</w> <w type="AT">the</w> <w type="NNS">polls</w> <c type="pct">,</c> <w type="CC">and</w> <w type="NP">Williams</w> <w type="VBD">got</w> <w type="PPL">himself</w> <w type="AT">a</w> <w type="NN">permit</w> <w type="TO">to</w> <w type="VB">carry</w> <w type="AT">a</w> <w type="NN">gun</w> <w type="CC">and</w> <w type="VBD">promised</w> <w type="AT">an</w> <w type="JJ">orderly</w> <w type="NN">election</w> <c type="pct">.</c> </s>
</p>
<p><s n="96"><w type="NN" subtype="TL">Sheriff</w> <w type="NP">Felix</w> <w type="NP">Tabb</w> <w type="VBD">said</w> <w type="AT">the</w> <w type="NN">ordinary</w> <w type="RB">apparently</w> <w type="VBD">made</w> <w type="JJ">good</w> <w type="PPg">his</w> <w type="NN">promise</w> <c type="pct">.</c> </s>
</p>
<p><s n="97"><c type="pct">``</c> <w type="PN">Everything</w> <w type="VBD">went</w> <w type="QL">real</w> <w type="JJ">smooth</w> <c type="pct">''</c> <c type="pct">,</c> <w type="AT">the</w> <w type="NN">sheriff</w> <w type="VBD">said</w> <c type="pct">.</c> </s>
<s n="98"><c type="pct">``</c> <w type="EX">There</w> <mw pos="BEDZ *">wasn't </mw><w type="AT">a</w> <w type="NN">bit</w> <w type="IN">of</w> <w type="NN">trouble</w> <c type="pct">''</c> <c type="pct">.</c> </s>
</p>
<p></p></body></text></TEI>
