<?xml version="1.0" encoding="UTF-8"?>
<import author="sheiden"
        date="2018-12-03"
        desc="&lt;pre&gt;&lt;br/&gt;- NANOBROWNTEI&lt;br/&gt;- sheiden&lt;br/&gt;- 2018-12-03&lt;/pre&gt;"
        name="NANOBROWNTEI"
        rootDir="/home/sheiden/Documents/distant-reading/workshops/galway/TXM import workshop support files 2018/nanobrown/nanobrown-tei"
        script="xtzLoader.groovy"
        version="0.7.9">
   <linkGrp type="align"/>
   <corpora>
      <corpus annotate="true"
              cqpid="NANOBROWNTEI1543856693310"
              desc="&lt;pre&gt;&lt;br/&gt;- NANOBROWNTEI&lt;br/&gt;- sheiden&lt;br/&gt;- 2018-12-03&lt;/pre&gt;"
              encoding="UTF-8"
              font=""
              lang="en"
              name="NANOBROWNTEI">
         <tokenizer onlyThoseTests="false" skip="false">
            <param name="whitespaces">[\p{Z}\p{C}]+</param>
            <param name="regPunct">[\p{Ps}\p{Pe}\p{Pi}\p{Pf}\p{Po}\p{S}]</param>
            <param name="punct_strong">[.!?]+|\.\.|\.\.\.|…|\|</param>
            <param name="regElision">['‘’]</param>
         </tokenizer>
         <xslt xsl=""/>
         <pattributes/>
         <sattributes/>
         <biblios/>
         <uis>
            <ui command="textualplans">
               <word>w</word>
               <outsidetexttags type="list"/>
               <outside_text_tags_and_keep_content type="list"/>
               <note type="list"/>
               <milestones/>
            </ui>
            <ui command="concordance">
               <context_limits type="list">text</context_limits>
            </ui>
         </uis>
         <editions default="default">
       	    <edition build_edition="true"
                     mode="groovy"
                     name="default"
                     page_break_tag="pb"
                     script="pager.groovy"
                     words_per_page="500"/>
            <edition build_edition="false"
                     images_directory=""
                     index="."
                     mode="groovy"
                     name="facs"
                     page_break_tag="pb"
                     script="*.groovy"
                     type="html"
                     words_per_page="500"/>
         </editions>
         <texts/>
         <queries/>
         <knowledgeRepositories/>
         <preBuild/>
         <parameters>
            <param key="clean.directories" value="true"/>
         </parameters>
      </corpus>
   </corpora>
</import>